"MDS1","MDS2","LESIONS","ROI","BRCA"
-17.0578979583912,5.17148070131232,"STIC.C","Epithelial","WT"
-11.6298948709409,6.16086196799062,"STIC.C","Epithelial","WT"
0.88008155132382,6.93358328223651,"STIC.C","Epithelial","WT"
1.09325355298343,4.2804349144327,"Cancer (Floating)","Epithelial","WT"
5.83883313287163,7.07630495282462,"Cancer (Floating)","Epithelial","WT"
-1.41393768150604,-3.67490694079937,"Fimbriae.C","Epithelial","WT"
8.41237682779027,0.910248667459934,"Fimbriae.C","Epithelial","WT"
1.59091314928141,-0.540898485824641,"Fimbriae.C","Epithelial","WT"
-9.50559591125505,3.65029810587438,"Inv Cancer","Epithelial","WT"
9.52225397675431,8.51029609170075,"Inv Cancer","Epithelial","WT"
9.15895656235517,8.478086024157,"Inv Cancer","Epithelial","WT"
7.36865427434899,6.42089714547384,"Cancer (Floating)","Epithelial","WT"
-2.72533781165685,1.26506917289783,"STIL.C","Stroma","BRCA2"
-15.0532069433616,4.85452526672922,"STIL.C","Epithelial","BRCA2"
4.1998876773553,2.87214734420871,"STIL.C","Stroma","BRCA2"
-8.70972764534381,2.79867635459406,"STIL.C","Epithelial","BRCA2"
6.51721355374444,-1.11725980432117,"STIL.C","Stroma","BRCA2"
-14.2625136952756,2.80304314019576,"STIL.C","Epithelial","BRCA2"
16.520256305679,9.68141123044616,"STIC.C","Stroma","BRCA2"
-13.4680925687089,8.596431807331,"STIC.C","Epithelial","BRCA2"
11.6815829528953,-0.207818539330865,"STIC.C","Stroma","BRCA2"
-7.61680804228137,7.10415315643953,"STIC.C","Epithelial","BRCA2"
3.80300073672674,2.52934772049478,"STIC.C","Stroma","BRCA2"
-4.03174151605749,9.57246716886232,"STIC.C","Epithelial","BRCA2"
4.16946958631928,0.180581773475024,"STIC.C","Stroma","BRCA2"
-10.3491857650236,5.92100057684219,"STIC.C","Epithelial","BRCA2"
11.5699933447529,4.83986880625551,"STIC.C","Stroma","BRCA2"
-10.9396065461084,3.04637391924731,"STIC.C","Epithelial","BRCA2"
5.6680850641795,2.56365673522162,"STIC.C","Stroma","BRCA2"
-3.74377158866701,3.60183002928156,"STIC.C","Epithelial","BRCA2"
-0.837575177047632,6.86704319139216,"Inv Cancer","Stroma","BRCA2"
-20.6955925809829,6.65088751113765,"Inv Cancer","Epithelial","BRCA2"
11.0399752534322,5.33608232201597,"Inv Cancer","Stroma","BRCA2"
-8.44607944299517,3.73650000263413,"Inv Cancer","Epithelial","BRCA2"
7.44221076700428,-1.54942794379665,"Inv Cancer","Stroma","BRCA2"
-8.88177815919965,6.80578046994921,"Inv Cancer","Epithelial","BRCA2"
10.5462237042167,4.31892529093124,"p53 Signature.C","Epithelial","BRCA2"
8.04200590852817,5.26442496004317,"p53 Signature.C","Epithelial","BRCA2"
-2.51457848193304,-0.479803688047689,"p53 Signature.C","Epithelial","BRCA2"
1.71243227211317,11.1729070694829,"STIC.C","Epithelial","BRCA2"
-0.00891457341249385,10.606455258807,"STIC.C","Epithelial","BRCA2"
-16.4015551626078,6.96987738989268,"Inv Cancer","Epithelial","BRCA2"
-18.2687924147352,8.45457611210821,"Inv Cancer","Epithelial","BRCA2"
-10.2077311763055,7.8762439569773,"Inv Cancer","Epithelial","BRCA2"
-16.5273037712483,7.29114198339658,"Cancer (Floating)","Epithelial","BRCA2"
-3.40714391871799,-2.0420028878171,"FT.C","Epithelial","BRCA2"
-2.22195162719818,0.510721844328007,"FT.C","Epithelial","WT"
-2.54097339449163,0.841830042254658,"FT.C","Epithelial","WT"
-0.0440344879073821,0.269154755760204,"FT.C","Epithelial","WT"
0.258160067887877,10.6869499117355,"STIC.C","Epithelial","WT"
1.88329164321095,7.44416571970755,"STIC.C","Epithelial","WT"
-0.981044452110664,9.77878274067567,"STIC.C","Epithelial","WT"
5.58198390664982,10.1851105649332,"STIC.C","Epithelial","WT"
-7.54579348469666,8.2903005681161,"Cancer (Floating)","Epithelial","WT"
-5.67999671516451,8.92626940735315,"Cancer (Floating)","Epithelial","WT"
-0.361033030953179,2.08398768222437,"Cancer (Floating)","Epithelial","WT"
0.976811585599566,8.87190181761652,"Inv Cancer","Epithelial","WT"
-0.152181399305594,10.7691467203567,"Inv Cancer","Epithelial","WT"
-4.40798932114172,11.242204953985,"Inv Cancer","Epithelial","WT"
11.4525438141157,4.51076462697244,"p53 Signature.C","Epithelial","WT"
9.24983918081908,-0.262363855889146,"p53 Signature.C","Epithelial","WT"
4.66095769805078,-4.50713463890626,"p53 Signature.C","Epithelial","WT"
5.60895946095174,5.73727981766823,"STIC.C","Stroma","WT"
-12.4429979678661,11.9928673415656,"STIC.C","Epithelial","WT"
5.60228612027492,6.94868376758335,"STIC.C","Stroma","WT"
-11.9513895379393,12.5222570582513,"STIC.C","Epithelial","WT"
4.71485028100483,6.49408292348777,"STIC.C","Stroma","WT"
-13.7331956602579,12.0159732073129,"STIC.C","Epithelial","WT"
-13.161336055334,12.3756253055067,"Inv Cancer","Epithelial","WT"
-16.4443091301936,9.61065632906191,"Inv Cancer","Epithelial","WT"
-16.2738933658409,9.03719142490092,"Inv Cancer","Epithelial","WT"
-19.8286151765737,13.9295274500066,"Inv Cancer","Epithelial","WT"
-17.4706756965604,13.4532148818124,"Inv Cancer","Epithelial","WT"
-18.5966003212795,14.6192686394803,"Inv Cancer","Epithelial","WT"
-5.43524920164989,9.56022863676592,"Inv Cancer","Stroma","WT"
-16.9461624907863,11.3695380559626,"Inv Cancer","Epithelial","WT"
-16.2107183364662,11.5507610751649,"Inv Cancer","Epithelial","WT"
-20.2631742339047,9.74587463041811,"Inv Cancer","Epithelial","WT"
-10.8745830759062,11.7847595115602,"STIC.C","Epithelial","WT"
-8.64098421480204,10.99672682256,"STIC.C","Epithelial","WT"
-9.65515365167533,12.216754259654,"STIC.C","Epithelial","WT"
-13.1327139096863,6.73653761573746,"STIC.C","Epithelial","WT"
1.14111148243106,3.60055026081784,"FT.C","Epithelial","WT"
-4.43649113000062,8.49504891372719,"Inv Cancer","Epithelial","WT"
-7.86167844149816,8.73760711953669,"Inv Cancer","Epithelial","WT"
-1.35748453113231,8.43689450112234,"Inv Cancer","Epithelial","BRCA1"
-2.19776990670175,8.85905951684059,"Inv Cancer","Epithelial","BRCA1"
-3.30785338617619,8.52122757506256,"Inv Cancer","Epithelial","BRCA1"
-8.34668319491624,9.70321059361986,"Inv Cancer","Epithelial","BRCA1"
-10.1690540772827,10.0781952912606,"Inv Cancer","Epithelial","BRCA1"
-8.96939254615051,10.2928996420876,"Inv Cancer","Epithelial","BRCA1"
-16.8011484788384,8.92339575275586,"Cancer (Floating)","Epithelial","BRCA1"
-9.48543548181106,3.14914593167958,"STIC.C","Epithelial","BRCA1"
0.914408740405722,6.78411159464404,"STIC.C","Epithelial","BRCA1"
-7.68543969203841,4.98745243056727,"STIC.C","Epithelial","BRCA1"
-4.84588534310978,-6.41486339766022,"p53 Signature.C","Epithelial","BRCA1"
5.68485611309855,16.3716864454603,"Inv Cancer","Stroma","WT"
-8.83712456606194,16.3464459089449,"Inv Cancer","Epithelial","WT"
8.82542281544783,14.632418843963,"Inv Cancer","Stroma","WT"
-3.84413613150331,16.1530605153081,"Inv Cancer","Epithelial","WT"
7.1649960337568,11.7793625031799,"Inv Cancer","Stroma","WT"
-10.1873419342106,15.2014662949865,"Inv Cancer","Epithelial","WT"
10.1933396664329,14.530032982389,"Inv Cancer","Stroma","WT"
-4.6209573850395,15.4369460640603,"Inv Cancer","Epithelial","WT"
5.07728542732864,14.7040797434332,"Inv Cancer","Stroma","WT"
-6.80091293915229,15.0573108154316,"Inv Cancer","Epithelial","WT"
8.67650551375445,15.78167990797,"Inv Cancer","Stroma","WT"
-6.47970538621378,15.6576760191794,"Inv Cancer","Epithelial","WT"
8.17428788730805,13.0957350745877,"Inv Cancer","Stroma","WT"
1.26595303561697,15.8619274800447,"Inv Cancer","Epithelial","WT"
9.79833472230211,4.49646609211104,"Fimbriae.C","Epithelial","WT"
10.1611873667728,10.7931892929966,"Inv Cancer","Stroma","WT"
6.96866216735233,15.9085755404105,"Inv Cancer","Epithelial","WT"
12.0838290111936,8.56378351160008,"Fimbriae.C","Epithelial","WT"
11.488263947314,13.5648288547206,"Inv Cancer","Stroma","WT"
-0.26297745588791,14.5121355700474,"Inv Cancer","Epithelial","WT"
-6.63435188938664,12.6623386886378,"STIC.C","Epithelial","WT"
-4.19941845899565,12.9533318336134,"STIC.C","Epithelial","WT"
-0.661854022296731,14.8932218082666,"STIC.C","Epithelial","WT"
-6.7805330015002,14.4477664727131,"STIC.C","Epithelial","WT"
-5.53723671813706,13.5412095043497,"STIC.C","Epithelial","WT"
-4.08772446306006,13.3425220554366,"STIC.C","Epithelial","WT"
-0.684460565870309,16.0756881149247,"Inv Cancer","Epithelial","WT"
0.199036150872523,15.8909089201447,"Inv Cancer","Epithelial","WT"
-5.41411984673834,15.8253567021799,"Inv Cancer","Epithelial","WT"
-4.73345534414316,13.8407667350751,"Cancer (Floating)","Epithelial","WT"
5.23511593194292,8.12783779285226,"FT.C","Epithelial","WT"
-2.73734578478494,15.071010333484,"Inv Cancer","Epithelial","WT"
10.0947760940828,11.0518964180131,"Inv Cancer","Stroma","WT"
-3.53153815629488,16.5268201201892,"Inv Cancer","Epithelial","WT"
2.22471289951994,16.0083457855127,"Inv Cancer","Epithelial","WT"
-0.910078729861256,16.1003650638754,"Inv Cancer","Epithelial","WT"
2.47037293603741,17.1593269093251,"Inv Cancer","Epithelial","WT"
7.0751503607744,8.0999449707184,"p53 Signature.C","Epithelial","WT"
1.08523349572753,7.75044087883011,"STIC.C","Epithelial","WT"
0.9382215765405,8.16856403297055,"STIC.C","Epithelial","WT"
-0.338478323952901,6.82961964044484,"STIC.C","Epithelial","WT"
-6.24133008785322,17.1367817291398,"Inv Cancer","Epithelial","WT"
-7.54239309676675,16.3951688439596,"Inv Cancer","Epithelial","WT"
-6.10575605753511,16.0270869279325,"Inv Cancer","Epithelial","WT"
4.62943199244194,5.76514394299586,"FT.C","Epithelial","WT"
1.36111059759033,14.0270626186303,"Inv Cancer","Epithelial","WT"
14.6967089436688,9.58349397222535,"Inv Cancer","Stroma","WT"
0.152584759602083,16.4385132219948,"Inv Cancer","Epithelial","WT"
1.08556626745249,14.8946157431881,"Inv Cancer","Epithelial","WT"
10.6499338097509,10.4056585826128,"Inv Cancer","Stroma","WT"
7.3906175690512,10.5911029045503,"Inv Cancer","Stroma","WT"
-10.4347446088129,14.9770693121409,"Inv Cancer","Epithelial","WT"
-9.94354021174702,15.6315937907689,"Inv Cancer","Epithelial","WT"
17.6532295365946,9.64966861265819,"Inv Cancer","Stroma","WT"
16.4484894011497,11.0881937618186,"Inv Cancer","Stroma","WT"
19.1673919015616,10.3054335124604,"Inv Cancer","Stroma","WT"
-9.65395686369946,16.6240616658805,"Inv Cancer","Epithelial","WT"
-11.9900010730373,15.5914488402344,"Inv Cancer","Epithelial","WT"
4.75737213760149,5.69164469756531,"FT.C","Epithelial","WT"
16.8270137349225,0.498160370723133,"FT.C","Epithelial","WT"
16.1435934033055,-6.18516226321662,"FT.C","Epithelial","WT"
7.72231554369261,-5.04996223989523,"FT.C","Epithelial","WT"
11.9367246701949,-3.18625022344293,"Fimbriae.C","Epithelial","WT"
9.03439273966153,-4.42369413812554,"Fimbriae.C","Epithelial","WT"
7.06889993430434,-6.01351552692706,"Fimbriae.C","Epithelial","WT"
-3.19174214177684,-4.9718584002914,"Cancer (Floating)","Epithelial","WT"
-19.4617466487807,0.579653824181578,"Cancer (Floating)","Epithelial","WT"
-8.64415761121729,-0.43297524324746,"Cancer (Floating)","Epithelial","WT"
-0.308249890483579,-6.38074653773604,"Fimbriae.C","Epithelial","WT"
9.03306576300207,-8.26924588763164,"Fimbriae.C","Epithelial","WT"
8.4622414607796,-6.11995317172252,"Fimbriae.C","Epithelial","WT"
-1.31614937217135,7.85589537549335,"Inv Cancer","Epithelial","WT"
-2.99207777475548,7.30835154026772,"Inv Cancer","Epithelial","WT"
9.79399555845162,4.25716111963471,"Inv Cancer","Epithelial","WT"
1.71875180652736,2.01541364833025,"Inv Cancer","Epithelial","WT"
6.21260467384457,3.53106655119266,"Inv Cancer","Epithelial","WT"
9.08218415023644,3.13693618048014,"Inv Cancer","Epithelial","WT"
-8.73009460859927,1.30590305758308,"STIC.C","Epithelial","WT"
-6.99982870377772,1.94989143777343,"STIC.C","Epithelial","WT"
-7.15230494560221,2.07084834772722,"STIC.C","Epithelial","WT"
-9.52464309428316,0.92229014244425,"STIC.C","Epithelial","WT"
-0.174882992458454,2.94733854102996,"STIC.C","Epithelial","WT"
0.137817964310611,3.39924426733203,"STIC.C","Epithelial","WT"
-12.6553342123547,1.58967308393027,"STIC.C","Epithelial","WT"
-4.41293494908607,-6.91508982182146,"STIC.C","Epithelial","WT"
-11.810144988123,-1.66781176620213,"Cancer (Floating)","Stroma","WT"
-10.7871684468123,0.617252875643229,"STIC.C","Epithelial","WT"
-1.52262427539105,-2.80072894002325,"STIC.C","Stroma","WT"
-12.4731729114103,0.569664853677249,"STIC.C","Epithelial","WT"
0.351001704180639,5.64545262600109,"STIC.C","Epithelial","WT"
-13.4469830196222,1.38013425547019,"STIC.C","Epithelial","WT"
-12.3709387977985,-4.9849927954254,"STIC.C","Epithelial","WT"
-9.44762711566277,-6.12751628207711,"p53 Signature.C","Epithelial","WT"
-9.97138855744329,-7.72986404514348,"p53 Signature.C","Epithelial","WT"
17.1865183835843,3.97401851323674,"p53 Signature.C","Epithelial","WT"
-4.98285712044998,0.715135788959738,"STIC.C","Stroma","WT"
-12.1446248110015,0.225816970406163,"STIC.C","Epithelial","WT"
-13.7451325752832,0.225644572490055,"STIC.C","Epithelial","WT"
-2.07013099803774,-1.6318381744152,"STIC.C","Stroma","WT"
-2.34432850977847,-3.8939647974146,"STIC.C","Stroma","WT"
-14.1219663885597,-4.18985466117407,"STIC.C","Epithelial","WT"
-13.9761217392955,-0.0205975501351129,"STIC.C","Epithelial","WT"
3.63954155340628,-7.97010847534011,"FT.C","Epithelial","WT"
-3.60944055176455,-6.46299993033333,"FT.C","Epithelial","WT"
-1.49272131603632,-7.03932864002506,"FT.C","Epithelial","WT"
-0.564652170180383,-4.813510948352,"Fimbriae.C","Epithelial","WT"
0.444228769473491,-5.70372263190629,"Fimbriae.C","Epithelial","WT"
-3.54564636802823,-15.0674637726992,"Fimbriae.C","Epithelial","WT"
-14.0498600258165,6.87998633899206,"Inv Cancer","Epithelial","WT"
-6.55158935071437,2.62116938837139,"Inv Cancer","Epithelial","WT"
-14.0992001992971,3.4116851981312,"Inv Cancer","Epithelial","WT"
-12.9899555032487,4.69081182027031,"Inv Cancer","Epithelial","WT"
-20.3112139845894,1.21883755536339,"STIC.C","Epithelial","WT"
-12.9131402836481,-5.06341017598498,"STIC.C","Epithelial","WT"
2.81757772889159,-11.037130681471,"STIC.C","Stroma","WT"
-23.1529640495409,1.54351231130872,"STIC.C","Epithelial","WT"
-16.5465926730085,2.43992711920037,"STIC.C","Epithelial","WT"
-20.5659348451047,-1.35747434292747,"STIC.C","Epithelial","WT"
-19.7745354467649,1.52605221186435,"STIC.C","Epithelial","WT"
5.9370682312508,-4.40990075724287,"STIC.C","Epithelial","WT"
2.67286810847126,1.40970473654309,"STIC.C","Epithelial","WT"
0.0216199702414113,-1.65356998115015,"STIC.C","Epithelial","WT"
-2.98306262076641,3.11381282313926,"Inv Cancer","Epithelial","WT"
-6.41020989799047,3.02438831907326,"Inv Cancer","Epithelial","WT"
-8.81144648553247,0.939159743415048,"Inv Cancer","Epithelial","WT"
1.36020121471169,3.28312243582002,"Inv Cancer","Epithelial","WT"
3.07231012234203,2.86098175396563,"Inv Cancer","Epithelial","WT"
2.9170734953493,3.92344804671619,"Inv Cancer","Epithelial","WT"
-10.0769053525483,2.1900665683337,"STIC.C","Epithelial","WT"
-8.68901430732956,2.41025830172161,"STIC.C","Epithelial","WT"
4.31050647798819,-1.08135565772014,"STIC.C","Epithelial","WT"
-6.18316539183567,-1.12172729061492,"STIC.C","Epithelial","WT"
-11.6325744220918,-0.893467140146122,"STIC.C","Epithelial","WT"
-9.0714791345206,-8.5883017363066,"STIL.C","Epithelial","WT"
-1.76767360516883,7.6314794311382,"p53 Signature.C","Epithelial","WT"
-9.68227952659314,-1.58792452278019,"STIC.C","Epithelial","WT"
11.4300193916733,-6.78499622750915,"Inv Cancer","Stroma","BRCA1, somatic"
8.01489661995694,-5.98775086715002,"Inv Cancer","Epithelial","BRCA1, somatic"
9.9850812655065,-8.82105639328695,"Inv Cancer","Stroma","BRCA1, somatic"
-10.3734052896271,-2.91381148557144,"Inv Cancer","Epithelial","BRCA1, somatic"
-5.36102563911556,1.36496911653752,"Inv Cancer","Epithelial","BRCA1, somatic"
-4.29971670691565,-8.17487503034399,"FT.C","Epithelial","BRCA1, somatic"
1.3781324966773,-5.56058231148275,"FT.C","Epithelial","BRCA1, somatic"
0.00391491336584224,-10.9475956836435,"FT.C","Epithelial","BRCA1, somatic"
-0.365881150410815,-10.5373545378011,"FT.C","Epithelial","BRCA1, somatic"
11.4022642161986,3.46748185418794,"FT.C","Epithelial","BRCA1, somatic"
4.5422087146475,-7.72012219762638,"FT.C","Epithelial","BRCA1, somatic"
3.84152392678345,-10.4226086774937,"Fimbriae.C","Epithelial","BRCA1, somatic"
13.567486068575,4.9739157340321,"Fimbriae.C","Epithelial","BRCA1, somatic"
20.3520554867391,2.55290410790946,"Inv Cancer","Stroma","BRCA1, somatic"
-11.5884800535423,1.99645108379735,"STIC.C","Epithelial","WT"
10.6114802198186,-2.89879658929245,"STIC.C","Stroma","WT"
-13.9447353602273,-0.193129113781665,"STIC.C","Epithelial","WT"
1.89001857162859,-2.42987537537002,"STIC.C","Stroma","WT"
-11.8140230481125,-0.433408343552019,"STIC.C","Epithelial","WT"
-13.3945056631209,-3.17708429988723,"STIC.C","Epithelial","WT"
7.04734080769637,-4.56245376194516,"STIC.C","Stroma","WT"
-10.4557247564651,-1.90068449936542,"STIC.C","Epithelial","WT"
14.7361213672962,0.993409408659916,"STIC.C","Stroma","WT"
-3.58312786934992,-2.0009005984667,"STIC.C","Stroma","WT"
-15.1490991700108,-3.04394612384234,"STIC.C","Epithelial","WT"
-7.6294472860854,-6.10749770603723,"STIC.C","Epithelial","WT"
13.5329703891456,-10.8144118528395,"STIC.C","Stroma","WT"
-4.17182750167851,-2.62081888231035,"STIC.C","Epithelial","WT"
-14.4469158043016,-0.203700485144839,"STIC.C","Epithelial","WT"
12.7200967275544,-2.17187018426396,"STIC.C","Stroma","WT"
-14.4273794018363,-0.161948245924444,"STIC.C","Epithelial","WT"
19.5809720292677,0.538486757119259,"STIC.C","Stroma","WT"
-9.25395623855383,-0.30025712181817,"STIC.C","Epithelial","WT"
-16.4156676022266,-0.946219663084143,"Inv Cancer","Epithelial","WT"
25.8555196400425,23.8139878664761,"Inv Cancer","Stroma","WT"
-10.6296858148606,1.44607221324905,"Inv Cancer","Epithelial","WT"
7.84189048906963,4.80929188956315,"Inv Cancer","Stroma","WT"
-15.651628774006,0.0486004113061396,"Inv Cancer","Epithelial","WT"
-13.1908511680651,-0.27380798686725,"Inv Cancer","Epithelial","WT"
-18.8815986381821,0.738299628932097,"Inv Cancer","Epithelial","WT"
3.5745574923263,-1.18428644737883,"Inv Cancer","Stroma","WT"
-18.8310112349953,1.19899581134716,"Inv Cancer","Epithelial","WT"
5.54821038595526,-1.33648201620051,"Inv Cancer","Stroma","WT"
-11.5588828828814,-4.79882119289025,"Inv Cancer","Epithelial","WT"
7.78703896183467,-5.16189193503954,"Inv Cancer","Stroma","WT"
-19.429141724908,-0.313722384126157,"Inv Cancer","Epithelial","WT"
-17.9929908469076,0.288642769738649,"Inv Cancer","Epithelial","WT"
10.2453655626133,-6.07063804749368,"STIC.C","Stroma","WT"
-17.0336591149419,1.390804481337,"Inv Cancer","Epithelial","WT"
-15.8349950018576,3.96768134198439,"Inv Cancer","Epithelial","WT"
-16.2263693299688,3.9623191636035,"Inv Cancer","Epithelial","WT"
-1.37698375644231,5.96381750692469,"Inv Cancer","Epithelial","WT"
-16.5042076277114,4.58668514532337,"Inv Cancer","Epithelial","WT"
-16.2634489904213,4.86869721833391,"Inv Cancer","Epithelial","WT"
-0.0914496427599783,-1.26428804348381,"Inv Cancer","Stroma","WT"
-17.9411604565099,0.265715453195097,"Inv Cancer","Epithelial","WT"
2.98576859554552,3.39526614796297,"Inv Cancer","Stroma","WT"
-21.1271041332565,2.15405023991465,"Inv Cancer","Epithelial","WT"
-21.1750526902961,3.62881712317906,"Inv Cancer","Epithelial","WT"
7.54163543123184,-6.9023057422087,"STIC.C","Epithelial","WT"
-3.17656306139432,-4.26559814462965,"STIC.C","Epithelial","WT"
-9.32188294218795,3.56599959229921,"STIC.C","Epithelial","WT"
-9.62425664115981,2.30260827200975,"STIC.C","Epithelial","WT"
-4.0097978724621,-0.674467720161387,"STIC.C","Epithelial","WT"
-2.10821197254752,3.16784687549261,"Cancer (Floating)","Epithelial","WT"
-6.86709753396801,5.4111488362681,"STIC.C","Epithelial","WT"
-10.3121358168742,7.46235324825345,"STIC.C","Epithelial","WT"
-7.48753181187428,8.78998285073578,"Cancer (Floating)","Epithelial","WT"
5.8144850622449,-5.96354442561088,"FT.C","Epithelial","WT"
5.2365398487064,-4.11939042040682,"FT.C","Epithelial","WT"
5.55507667419569,-6.1196046875008,"FT.C","Epithelial","WT"
-2.04828217392632,1.79412960386336,"Inv Cancer","Stroma","WT"
-5.9699724464197,-0.0747693171357253,"Inv Cancer","Stroma","WT"
3.17858988388138,0.475352845758266,"Inv Cancer","Stroma","WT"
-3.24486987760074,0.0682668328441526,"STIC.C","Epithelial","BRCA2"
-5.02713130603742,-1.20339615165129,"STIC.C","Epithelial","BRCA2"
7.61277033980168,-8.47177812137274,"STIC.C","Stroma","BRCA2"
6.59358921201633,-6.50193754803777,"STIC.C","Stroma","BRCA2"
15.1885246053967,-6.3742950190148,"STIC.C","Stroma","BRCA2"
-5.15168323879772,-0.430314635586337,"STIC.C","Epithelial","BRCA2"
-2.33500987681128,-0.863250482800906,"STIC.C","Epithelial","BRCA2"
8.16852269672539,-4.75608641302115,"STIC.C","Stroma","BRCA2"
12.3276694399834,-4.98543796885571,"STIC.C","Stroma","BRCA2"
10.3887681839265,-0.938299971546722,"STIC.C","Stroma","BRCA2"
-4.52128887077058,0.28250900478097,"STIC.C","Epithelial","BRCA2"
3.94320869676188,-7.47125923995809,"p53 Signature.C","Epithelial","BRCA2"
7.24301221559091,-1.54478027330032,"p53 Signature.C","Epithelial","BRCA2"
20.7397333174005,-4.51726681711586,"p53 Signature.C","Stroma","BRCA2"
5.53006411548359,-4.72091403104014,"p53 Signature.C","Epithelial","BRCA2"
23.4100985671748,1.77328038383488,"p53 Signature.C","Stroma","BRCA2"
5.80042935592277,-1.29750730535279,"p53 Signature.C","Epithelial","BRCA2"
12.7443833015807,-4.42622488569971,"p53 Signature.C","Stroma","BRCA2"
10.1500170304953,-0.0643533776965542,"p53 Signature.C","Epithelial","BRCA2"
33.6840948078515,18.0156436340818,"p53 Signature.C","Stroma","BRCA2"
11.8859463192092,-0.685087294441035,"p53 Signature.C","Epithelial","BRCA2"
-15.3298789310937,-5.23073887693269,"STIC.C","Epithelial","BRCA2"
0.351354796211019,-5.16096818054625,"STIC.C","Stroma","BRCA2"
-20.4278818253183,-4.195438447154,"Inv Cancer","Epithelial","BRCA2"
-6.91711715099554,-4.0678919586575,"Inv Cancer","Stroma","BRCA2"
-21.2544862817398,-4.74516179331896,"Inv Cancer","Epithelial","BRCA2"
-15.3405753670405,-5.19493824019957,"STIC.C","Epithelial","BRCA2"
-5.69786418222596,0.342055313089942,"Inv Cancer","Epithelial","BRCA1 VUS"
-12.124836258094,-1.77086641439368,"Inv Cancer","Epithelial","BRCA1 VUS"
-8.60802130322132,0.143317933381833,"STIC.C","Epithelial","BRCA1 VUS"
7.25371422513462,-4.83724505316823,"STIC.C","Stroma","BRCA1 VUS"
-6.45788921262388,1.51335717884344,"STIC.C","Epithelial","BRCA1 VUS"
8.9725260890844,-2.8755523616944,"STIC.C","Stroma","BRCA1 VUS"
-8.51885272259812,-0.583816270517008,"STIC.C","Epithelial","BRCA1 VUS"
9.60319129100617,-3.85652070027073,"STIC.C","Stroma","BRCA1 VUS"
0.108067693786703,-0.132391284162441,"Inv Cancer","Epithelial","BRCA1 VUS"
16.9533644091618,-0.967306305818351,"Inv Cancer","Stroma","BRCA1 VUS"
-1.45934133332655,-0.863968099294261,"Inv Cancer","Epithelial","BRCA1 VUS"
16.4081576281053,0.123907585615628,"Inv Cancer","Stroma","BRCA1 VUS"
-10.0754042742829,1.11854288122378,"STIC.C","Epithelial","BRCA1 VUS"
-4.52480502151148,2.58054300430468,"STIC.C","Epithelial","BRCA1 VUS"
6.21807038000553,-8.13933716996105,"Incidental FT","Epithelial","BRCA2"
23.499064144491,-2.12398127287292,"Incidental FT","Stroma","BRCA2"
-2.7343470081752,-10.6144523071348,"Incidental p53sig","Epithelial","BRCA2"
7.86662755457766,-8.91600739817512,"Incidental p53sig","Stroma","BRCA2"
-4.2790133501087,-8.79278985972291,"Incidental p53sig","Epithelial","BRCA2"
10.4349270136315,-9.42760677990796,"Incidental p53sig","Stroma","BRCA2"
1.55647431087972,-5.1617951718011,"Incidental p53sig","Epithelial","BRCA2"
12.3925024190338,-6.35146895188153,"Incidental p53sig","Stroma","BRCA2"
-2.5790891840595,-11.0415942394533,"Incidental FT","Epithelial","BRCA1"
7.73279917722446,-8.1395493439103,"Incidental FT","Stroma","BRCA1"
-1.00238469449063,-7.3970149990883,"Incidental FT","Epithelial","BRCA1"
18.7136446657537,-1.53862585840495,"Incidental FT","Stroma","BRCA1"
-5.80604195140521,-7.6972638389351,"Incidental p53sig","Epithelial","BRCA1"
-3.33781178054329,-8.34624814044118,"Incidental p53sig","Epithelial","BRCA1"
-2.42480898292645,-9.26674485868563,"Incidental p53sig","Epithelial","BRCA1"
-8.83726662506188,-16.004227430997,"Incidental p53sig","Epithelial","BRCA1"
15.2855434315723,-3.40504266006947,"Incidental p53sig","Stroma","BRCA1"
21.5791304832167,21.897128053576,"Incidental p53sig","Epithelial","BRCA1"
-5.04449168109919,-10.1437131625354,"Incidental FT","Epithelial","BRCA1"
-4.73252681758725,-10.2535938929678,"Incidental FT","Epithelial","BRCA1"
-4.62144417392792,-9.51469479106153,"Incidental FT","Epithelial","BRCA1"
-4.33898065145438,-8.11835950311346,"Incidental FT","Epithelial","BRCA1"
4.08120010709055,-11.1477635985935,"Incidental p53sig","Epithelial","BRCA2"
30.7616945252602,21.7895114021271,"Incidental p53sig","Stroma","BRCA2"
6.63536588480051,-6.01618899081384,"Incidental p53sig","Epithelial","BRCA2"
4.15953943471675,-2.82430802068564,"Incidental FT","Epithelial","BRCA2"
-6.05130792308341,-12.1099207039305,"Incidental p53sig","Epithelial","BRCA2"
-8.44375367890837,-11.5840457676948,"Incidental p53sig","Epithelial","BRCA2"
-1.75250269539574,-8.33022026451925,"Incidental p53sig","Epithelial","BRCA2"
19.7368399128739,-0.12159625283449,"Incidental p53sig","Stroma","BRCA2"
5.15718045419528,-5.88943928634835,"Incidental FT","Epithelial","BRCA2"
26.8833677854576,-7.00538387204555,"Incidental FT","Stroma","BRCA2"
17.4742268193226,-10.5461917632759,"Incidental FT","Stroma","BRCA2"
6.40705006179576,-5.18634683742517,"Incidental FT","Epithelial","BRCA2"
24.9370081042368,2.66531550208967,"Incidental FT","Stroma","BRCA2"
1.17008261912056,-2.0008327229803,"Incidental p53sig","Epithelial","BRCA2"
3.47525923229253,-2.99686208248157,"Incidental p53sig","Epithelial","BRCA2"
3.04875805174273,-8.44575871485609,"Incidental p53sig","Epithelial","BRCA2"
-2.53005592401067,-10.9976244160849,"Incidental p53sig","Epithelial","BRCA2"
4.68978767028678,-3.29222653982638,"Incidental p53sig","Stroma","BRCA2"
32.3894235177367,18.2333161023986,"Incidental p53sig","Stroma","BRCA2"
31.2235879348318,17.851924182788,"Incidental p53sig","Stroma","BRCA2"
12.9078094640537,-0.517486112931821,"Incidental p53sig","Epithelial","BRCA2"
10.8069750506296,-2.53891761530412,"Incidental p53sig","Epithelial","BRCA2"
8.81439007137878,-1.42448537290741,"Incidental STIC","Epithelial","BRCA1"
18.2428343760177,-2.12056490051576,"Incidental STIC","Stroma","BRCA1"
-1.55639990461892,-2.90926355573416,"Incidental STIC","Epithelial","BRCA1"
19.2411216094288,-4.04279295842595,"Incidental STIC","Stroma","BRCA1"
-6.62145540532835,-1.11077568289134,"Incidental STIC","Epithelial","BRCA1"
17.7504767674227,-0.632856237845497,"Incidental STIC","Stroma","BRCA1"
-4.6638683419341,0.578985712448509,"Incidental STIC","Epithelial","BRCA1"
13.2104494425158,-0.475233993170178,"Incidental STIC","Stroma","BRCA1"
-6.81921003835423,-0.971491906386477,"Incidental STIC","Epithelial","BRCA1"
11.676565096646,-8.11477054712846,"Incidental STIC","Stroma","BRCA1"
-5.61988459919391,-4.74296074876615,"Incidental STIC","Epithelial","BRCA1"
19.2414583128834,-10.2934968765125,"Incidental STIC","Stroma","BRCA1"
17.4380029611669,4.0312128557553,"Incidental FT","Epithelial","BRCA1"
28.987529907043,-2.78490564601658,"Incidental FT","Stroma","BRCA1"
20.1977954478191,2.12502414327878,"Incidental FT","Epithelial","BRCA1"
28.6406547111356,-3.26447982385927,"Incidental FT","Stroma","BRCA1"
10.9432474439113,-9.84975470620589,"Incidental Fimbriae","Epithelial","BRCA1"
22.3788622818221,-2.64045491498486,"Incidental Fimbriae","Stroma","BRCA1"
25.7642404156799,-6.49287297203889,"Incidental Fimbriae","Stroma","BRCA1"
-13.920944268963,-6.3778380435116,"Incidental STIC","Epithelial","WT"
8.4014669601638,-3.27860404090646,"Incidental STIC","Stroma","WT"
-11.3122649656892,-4.91948659656106,"Incidental STIC","Epithelial","WT"
-9.46509987876409,-5.68376991014736,"Incidental STIC","Epithelial","WT"
-11.4820026370472,-10.4165997261267,"Incidental Fimbriae","Epithelial","WT"
9.16391566851774,-9.24711936752533,"Incidental Fimbriae","Stroma","WT"
-10.9811868731626,-13.09346869625,"Incidental Fimbriae","Epithelial","WT"
-10.7732970558739,-12.4402907402467,"Incidental Fimbriae","Epithelial","WT"
15.8008809043706,-5.16701506174617,"Incidental Fimbriae","Stroma","WT"
-9.66431506047051,-2.51879668923293,"Incidental STIC","Epithelial","WT"
10.8733037393191,-7.61399980328792,"Incidental STIC","Stroma","WT"
-3.65944664529481,-4.10790602847919,"Incidental STIC","Epithelial","WT"
14.5984269099999,-7.87795107962544,"Incidental STIC","Stroma","WT"
-0.537142378984158,-4.56873349103527,"Incidental STIC","Epithelial","WT"
17.660924099482,-5.33595057418311,"Incidental STIC","Stroma","WT"
1.92898267302108,-9.2190010651059,"Incidental STIC","Epithelial","WT"
4.26075477040507,-2.77948969670308,"Incidental STIC","Epithelial","WT"
23.9562229334176,-5.49034714767657,"Incidental STIC","Stroma","WT"
1.88161304663402,-6.70689651102857,"Incidental Fimbriae","Epithelial","WT"
13.0312540593213,-5.23474801815809,"Incidental Fimbriae","Stroma","WT"
-2.18915106030635,-7.29942755467962,"Incidental Fimbriae","Epithelial","WT"
10.7279496535283,-7.16708513456088,"Incidental Fimbriae","Stroma","WT"
-3.642442657323,-12.7243996917719,"Incidental FT","Epithelial","WT"
21.3074905634005,-5.68799566955146,"Incidental FT","Stroma","WT"
-7.46055708325004,-15.1450210665728,"Incidental FT","Epithelial","WT"
10.2661292099656,-15.417890550167,"Incidental FT","Stroma","WT"
-7.56796438044985,-13.1036524160671,"Incidental FT","Epithelial","WT"
14.4691783393753,-11.7013438928777,"Incidental FT","Stroma","WT"
-2.5539851628425,-0.0518123354279423,"Incidental STIC","Epithelial","BRCA1"
14.5742023653728,0.421205182164127,"Incidental STIC","Stroma","BRCA1"
-5.69209475331362,-4.49283741119274,"Incidental Fimbriae","Epithelial","BRCA1"
-10.2942761474772,-9.39071362429117,"Incidental Fimbriae","Epithelial","BRCA1"
12.8483024370659,-8.03081259656165,"Incidental STIC","Stroma","BRCA1"
-0.927608456783384,-7.8894525116766,"Incidental Fimbriae","Epithelial","BRCA1"
16.1881019838279,-0.775656525734254,"Incidental Fimbriae","Stroma","BRCA1"
0.014849825270642,-8.24667752181029,"Incidental Fimbriae","Epithelial","BRCA1"
18.9147698100981,0.0452576916664112,"Incidental Fimbriae","Stroma","BRCA1"
-1.67319731979652,-7.93973320462687,"Incidental Fimbriae","Epithelial","BRCA1"
0.315078067761264,-6.30222820098963,"Incidental Fimbriae","Stroma","BRCA1"
16.8416053555183,-2.26012681129282,"Incidental Fimbriae","Epithelial","BRCA1"
20.0615026037063,-0.121798206707068,"Incidental Fimbriae","Stroma","BRCA1"
3.06135519586068,-10.7887503000642,"Incidental Fimbriae","Epithelial","BRCA1"
20.7067785538473,-2.83846334762022,"Incidental Fimbriae","Stroma","BRCA1"
1.83870215017058,-10.1750726816071,"Incidental Fimbriae","Epithelial","BRCA1"
17.7653992699824,-3.31719737145085,"Incidental Fimbriae","Stroma","BRCA1"
-3.28365782925303,-10.5258305491922,"Incidental FT","Epithelial","BRCA1"
9.33000230264343,-10.4693195962545,"Incidental FT","Stroma","BRCA1"
-0.606783701987356,-5.84075805400496,"Incidental FT","Epithelial","BRCA1"
9.98731095128607,-5.40404209174457,"Incidental FT","Stroma","BRCA1"
0.223838796123666,-10.0176107645675,"Incidental FT","Epithelial","BRCA1"
15.6594113756392,-12.6817658613396,"Incidental FT","Stroma","BRCA1"
2.42345122553947,-4.63562177784427,"Incidental FT","Epithelial","BRCA1"
9.37840901864451,-7.77170651461989,"Incidental FT","Epithelial","BRCA1"
-3.30965517689364,-8.7006214998779,"Incidental FT","Stroma","BRCA1"
-3.91231697710381,-6.72618892909607,"Incidental p53sig","Epithelial","BRCA1"
7.77186781000246,-3.97844092494932,"Incidental p53sig","Stroma","BRCA1"
-14.2214918185766,-10.8094057543189,"Incidental FT","Epithelial","BRCA1"
-11.5556919675093,-7.61203032946579,"Incidental p53sig","Epithelial","BRCA1"
-2.45984433673087,-3.5680049735955,"Incidental FT","Epithelial","BRCA1"
21.0855941499145,-2.8031719881749,"Incidental FT","Stroma","BRCA1"
-11.895185101772,-7.13158596834274,"Incidental FT","Epithelial","BRCA1"
1.15311245053843,-7.29313003353061,"Incidental FT","Stroma","BRCA1"
5.74000767471626,0.615494300402402,"Incidental p53sig","Epithelial","BRCA1"
11.6675442221015,-1.24544444070363,"Incidental p53sig","Stroma","BRCA1"
8.075681982152,-4.9562061547295,"Incidental p53sig","Epithelial","BRCA2"
-2.45484052617495,-14.2000983463384,"Incidental p53sig","Epithelial","BRCA2"
24.5604403974953,22.3158556711758,"Incidental p53sig","Epithelial","BRCA2"
13.6687361191932,-12.2511113862948,"Incidental p53sig","Stroma","BRCA2"
13.6371181027599,1.44041903559644,"Incidental p53sig","Epithelial","BRCA2"
-2.4605433644611,-12.0961210841397,"Incidental p53sig","Epithelial","BRCA2"
-1.02068592468893,-7.31866632964023,"Incidental p53sig","Epithelial","BRCA2"
10.9105125293532,-9.99454746587258,"Incidental p53sig","Stroma","BRCA2"
1.30044987764409,-11.1530891773457,"Incidental FT","Epithelial","BRCA2"
14.4490574820587,-11.8074015021249,"Incidental FT","Stroma","BRCA2"
2.63645796580683,-8.70602741148829,"Incidental FT","Epithelial","BRCA2"
15.9679809097292,-3.80180067641202,"Incidental FT","Stroma","BRCA2"
-10.6392495052838,-11.8109606824126,"Incidental p53sig","Epithelial","BRCA1"
-12.8047024366477,-13.915335001188,"Incidental p53sig","Epithelial","BRCA1"
-13.6430615657727,-15.4068220852428,"Incidental p53sig","Epithelial","BRCA1"
-9.23603750124918,-14.3037305031134,"Incidental p53sig","Epithelial","BRCA1"
-11.6167958348531,-15.1493470313755,"Incidental p53sig","Epithelial","BRCA1"
-11.0913167847171,-12.3762676778926,"Incidental p53sig","Epithelial","BRCA1"
-11.1041380295759,-12.0286750336515,"Incidental p53sig","Epithelial","BRCA1"
-15.5849792520584,-16.4740636247265,"Incidental Fimbriae","Epithelial","BRCA1"
-19.1466446653121,-15.9985498762407,"Incidental Fimbriae","Epithelial","BRCA1"
22.6667848486031,24.5190995357715,"Incidental Fimbriae","Stroma","BRCA1"
-17.9146409304359,-16.0584141556094,"Incidental Fimbriae","Epithelial","BRCA1"
14.5194004352184,-0.102591869509778,"Incidental Fimbriae","Stroma","BRCA1"
-16.097452876486,-13.2596516617751,"Incidental p53sig","Epithelial","BRCA1"
-16.002058543912,-16.0762053427646,"Incidental p53sig","Epithelial","BRCA1"
-11.4154417926362,-12.8900465811749,"Incidental Fimbriae","Epithelial","BRCA1"
-10.1758166112846,-15.0210344023338,"Incidental Fimbriae","Epithelial","BRCA1"
-11.6926447105743,-14.6861282465379,"Incidental Fimbriae","Epithelial","BRCA1"
-12.2672698011306,-15.5910814987865,"Incidental Fimbriae","Epithelial","BRCA1"
-11.1212191872639,-11.6517462638735,"Incidental Fimbriae","Epithelial","BRCA1"
-2.73950823102535,-6.09211969008788,"Incidental Fimbriae","Stroma","BRCA1"
-13.3998868471593,-13.3151117241629,"Incidental Fimbriae","Epithelial","BRCA1"
-8.14548172993469,-5.81816660131226,"Incidental STIC","Epithelial","WT"
-6.34401484217683,-8.65483532689714,"Incidental STIC","Epithelial","WT"
-8.53056700625294,-6.31744096430573,"Incidental STIC","Epithelial","WT"
4.44604995403406,-1.02191186636451,"Incidental STIC","Stroma","WT"
10.3353215246449,-5.06546115169333,"Incidental STIC","Stroma","WT"
-1.70605630165242,-4.34545226561205,"Incidental FT","Epithelial","WT"
14.9722685947768,-0.84057405853155,"Incidental FT","Stroma","WT"
-7.27000814169546,-10.4691212868017,"Incidental Fimbriae","Epithelial","WT"
6.52057348750344,-5.80001576788122,"Incidental Fimbriae","Stroma","WT"
7.95241148208107,-8.77777556050272,"Incidental Fimbriae","Stroma","WT"
-2.31781352416907,-9.24528743105203,"Incidental Fimbriae","Epithelial","WT"
12.8870530498255,-11.4749811828625,"Incidental Fimbriae","Stroma","WT"
-3.33258015922849,-5.27623447493866,"Incidental FT","Epithelial","WT"
16.4431564702179,-2.90663037926291,"Incidental FT","Stroma","WT"
16.1214333376334,-1.26217554627872,"Inv Cancer","Epithelial","WT"
18.347159209958,-5.14171586484209,"Inv Cancer","Stroma","WT"
11.081151108652,-0.176305291952068,"Inv Cancer","Stroma","WT"
-2.94785159167476,-0.341160077262967,"Inv Cancer","Epithelial","WT"
-3.68448671686008,-1.54526455869773,"Inv Cancer","Epithelial","WT"
-3.24889341473273,3.66212741169701,"Inv Cancer","Epithelial","WT"
-2.34921866389168,1.0392672904178,"Inv Cancer","Epithelial","WT"
11.0304350726041,-8.65403380602497,"Inv Cancer","Stroma","WT"
14.3729560557173,-7.86836430684932,"Inv Cancer","Stroma","WT"
-0.583733466086009,-5.1088960584893,"Fimbriae.C","Epithelial","WT"
-1.03031206362183,-7.27430320220092,"Fimbriae.C","Epithelial","WT"
7.42993009286187,-0.795855143610623,"Fimbriae.C","Stroma","WT"
-2.07512486062887,-4.81047354991249,"FT.C","Epithelial","WT"
0.565797786533175,-5.49262150282073,"Incidental STIC","Epithelial","WT"
-8.07713267777785,0.403429468630912,"Incidental STIC","Epithelial","WT"
5.13659975284021,-5.0097231590357,"Incidental STIC","Stroma","WT"
-5.68070700641922,-3.62489749293621,"Incidental STIC","Epithelial","WT"
9.76557351201308,-3.97502797429073,"Incidental STIC","Stroma","WT"
-9.52390914222129,-0.704657110364748,"Incidental STIC","Epithelial","WT"
11.276509963145,-1.73363837092295,"Incidental STIC","Stroma","WT"
-11.7765848409702,-0.750436958482713,"Incidental STIC","Epithelial","WT"
-11.2963588363081,-3.01486538487702,"Incidental STIC","Epithelial","WT"
10.6662619314261,-4.2101049961004,"Incidental STIC","Stroma","WT"
-9.80675903963333,-1.25471713139173,"Incidental STIC","Epithelial","WT"
-11.1713292693302,-0.666765391466827,"Incidental STIC","Epithelial","WT"
-7.30139697190752,-3.31969741914011,"Incidental STIC","Epithelial","WT"
9.78463105415023,-3.17391610895155,"Incidental STIC","Stroma","WT"
3.27353177158037,-5.95939107033153,"Incidental Fimbriae","Epithelial","WT"
15.277717215273,-7.36257346722381,"Incidental Fimbriae","Stroma","WT"
-5.46353488028783,-11.5199114363827,"Incidental FT","Epithelial","WT"
2.9265320161442,-16.3363598573904,"Incidental FT","Epithelial","WT"
