"tSNE1","tSNE2","LESIONS","ROI","BRCA"
-22.1675878353587,-5.81833778718794,"STIC.C","Epithelial","WT"
-22.1761942037108,-5.92446228759132,"STIC.C","Epithelial","WT"
-6.59472795729214,-18.218525583337,"STIC.C","Epithelial","WT"
-5.95633586389319,-18.0261895936313,"Cancer (Floating)","Epithelial","WT"
-6.68306263124022,-18.1075468105814,"Cancer (Floating)","Epithelial","WT"
-9.01570148525172,-5.49916108584442,"Fimbriae.C","Epithelial","WT"
-7.26038075062261,-9.95847936345249,"Fimbriae.C","Epithelial","WT"
-9.15582013199587,-7.1617717542854,"Fimbriae.C","Epithelial","WT"
-22.2606551712338,-6.10861462982423,"Inv Cancer","Epithelial","WT"
-8.8456646311085,-15.6023130240723,"Inv Cancer","Epithelial","WT"
-8.86437145011118,-15.6382955514425,"Inv Cancer","Epithelial","WT"
-6.6979285034169,-18.0195611591307,"Cancer (Floating)","Epithelial","WT"
-3.54100755244348,-10.6449916027772,"STIL.C","Stroma","BRCA2"
-18.5558119446726,-8.90344325283661,"STIL.C","Epithelial","BRCA2"
-4.11878816263384,-11.4434416706536,"STIL.C","Stroma","BRCA2"
-17.9834274779742,-9.117542171338,"STIL.C","Epithelial","BRCA2"
-3.2318385931211,-12.1608043974215,"STIL.C","Stroma","BRCA2"
-18.5573655726372,-9.07212970266641,"STIL.C","Epithelial","BRCA2"
-6.16106636289073,-14.7472933886698,"STIC.C","Stroma","BRCA2"
-19.1226814876101,-9.93512197050652,"STIC.C","Epithelial","BRCA2"
-3.37753905897565,-13.2416887957458,"STIC.C","Stroma","BRCA2"
-19.1026520930627,-10.227606720498,"STIC.C","Epithelial","BRCA2"
-4.53027178067529,-10.0035421889623,"STIC.C","Stroma","BRCA2"
-16.7485568437387,-8.04981929204423,"STIC.C","Epithelial","BRCA2"
-3.40896819069428,-10.5761847275039,"STIC.C","Stroma","BRCA2"
-17.7208882600854,-7.92455863078388,"STIC.C","Epithelial","BRCA2"
-4.92426992993554,-12.6907230731811,"STIC.C","Stroma","BRCA2"
-17.7822530411583,-9.38907160707985,"STIC.C","Epithelial","BRCA2"
-4.15689794837516,-11.4912541902565,"STIC.C","Stroma","BRCA2"
-17.1322509489796,-9.70577053135995,"STIC.C","Epithelial","BRCA2"
-3.0522937872784,-9.86724350209613,"Inv Cancer","Stroma","BRCA2"
-18.9471314989902,-7.84806751272085,"Inv Cancer","Epithelial","BRCA2"
-6.07876700267295,-12.5911484110082,"Inv Cancer","Stroma","BRCA2"
-18.2468116741078,-6.83836649221285,"Inv Cancer","Epithelial","BRCA2"
-2.83793386051094,-12.2676835923761,"Inv Cancer","Stroma","BRCA2"
-18.3778164498884,-6.7986699793273,"Inv Cancer","Epithelial","BRCA2"
-7.84484700257106,-10.3991263032959,"p53 Signature.C","Epithelial","BRCA2"
-8.42015926639223,-9.63892077178279,"p53 Signature.C","Epithelial","BRCA2"
-8.44364733189111,-6.28716566038681,"p53 Signature.C","Epithelial","BRCA2"
-15.6794719392968,-8.50508153216876,"STIC.C","Epithelial","BRCA2"
-15.7313449126888,-8.55541790078196,"STIC.C","Epithelial","BRCA2"
-18.5719720175517,-7.3707945043018,"Inv Cancer","Epithelial","BRCA2"
-18.7432183811047,-7.25221365836972,"Inv Cancer","Epithelial","BRCA2"
-18.0231436990711,-7.71500994549402,"Inv Cancer","Epithelial","BRCA2"
-19.4853166876285,-9.47476110546924,"Cancer (Floating)","Epithelial","BRCA2"
-8.49423264716533,-5.8538694549401,"FT.C","Epithelial","BRCA2"
-7.89617290805981,-6.82160617555146,"FT.C","Epithelial","WT"
-8.26147454597983,-6.8062115916395,"FT.C","Epithelial","WT"
-8.14743845428473,-6.92175420133887,"FT.C","Epithelial","WT"
-13.5603049124804,-15.2906893503935,"STIC.C","Epithelial","WT"
-12.8486151759511,-14.9731611671254,"STIC.C","Epithelial","WT"
-13.6193608598128,-15.5960656361904,"STIC.C","Epithelial","WT"
-11.4154730099689,-14.4475592795528,"STIC.C","Epithelial","WT"
-14.3860415029078,-15.865870731402,"Cancer (Floating)","Epithelial","WT"
-14.0867731081159,-15.7026911038204,"Cancer (Floating)","Epithelial","WT"
-13.4520206187831,-16.589610763614,"Cancer (Floating)","Epithelial","WT"
-13.3673463067916,-15.5395602067973,"Inv Cancer","Epithelial","WT"
-13.5098946572397,-15.3496424913594,"Inv Cancer","Epithelial","WT"
-14.0254513008773,-15.5114100998354,"Inv Cancer","Epithelial","WT"
-6.79092718516936,-8.6201676830299,"p53 Signature.C","Epithelial","WT"
-6.62252554658676,-8.19398045380292,"p53 Signature.C","Epithelial","WT"
-6.85694044919445,-7.01871687037328,"p53 Signature.C","Epithelial","WT"
-5.67171824038526,-10.5445249284718,"STIC.C","Stroma","WT"
-17.3370316166275,9.35058680894116,"STIC.C","Epithelial","WT"
-5.58310574592509,-10.7638159496125,"STIC.C","Stroma","WT"
-17.3403986455692,9.28797607601825,"STIC.C","Epithelial","WT"
-5.52782865053666,-10.588743480146,"STIC.C","Stroma","WT"
-17.3631077796262,9.44092966072261,"STIC.C","Epithelial","WT"
-18.4732290631938,10.6422128142386,"Inv Cancer","Epithelial","WT"
-19.8047904670965,11.0113768207763,"Inv Cancer","Epithelial","WT"
-19.8078688326799,10.96186555562,"Inv Cancer","Epithelial","WT"
-18.709562803092,12.7094387050254,"Inv Cancer","Epithelial","WT"
-18.7630736648682,12.6132578880008,"Inv Cancer","Epithelial","WT"
-18.8397259880628,12.5094379936497,"Inv Cancer","Epithelial","WT"
-7.05113605476028,-2.339790572736,"Inv Cancer","Stroma","WT"
-18.5837157588972,11.1395774141067,"Inv Cancer","Epithelial","WT"
-18.6642955036979,11.4251027267851,"Inv Cancer","Epithelial","WT"
-19.0839360239445,11.2185801251312,"Inv Cancer","Epithelial","WT"
-17.7066296439483,10.6512520845583,"STIC.C","Epithelial","WT"
-17.8375298269736,10.5634896862084,"STIC.C","Epithelial","WT"
-17.6424249512413,10.5566213716845,"STIC.C","Epithelial","WT"
-17.9103144264975,8.90327523597435,"STIC.C","Epithelial","WT"
-8.11547807204946,-7.89584565706175,"FT.C","Epithelial","WT"
-7.10592564345431,-2.38889558271478,"Inv Cancer","Epithelial","WT"
-7.04988114864656,-2.33129081640168,"Inv Cancer","Epithelial","WT"
-12.8395283294116,-5.99123874450707,"Inv Cancer","Epithelial","BRCA1"
-12.8480901307012,-5.96421085027728,"Inv Cancer","Epithelial","BRCA1"
-12.9042465986776,-5.92020796320836,"Inv Cancer","Epithelial","BRCA1"
-14.7881518670954,-5.37110892577124,"Inv Cancer","Epithelial","BRCA1"
-14.8381384423001,-5.31695559551092,"Inv Cancer","Epithelial","BRCA1"
-14.7840810771994,-5.32867891983005,"Inv Cancer","Epithelial","BRCA1"
-15.0468952431734,-5.17069972544214,"Cancer (Floating)","Epithelial","BRCA1"
-13.9353620149246,-4.89350934736115,"STIC.C","Epithelial","BRCA1"
-3.43097313312418,-6.89471565202472,"STIC.C","Epithelial","BRCA1"
-13.9025643957089,-5.13700437561809,"STIC.C","Epithelial","BRCA1"
-7.12144275940048,-5.6403927300166,"p53 Signature.C","Epithelial","BRCA1"
-9.63705976867361,-12.9711196145537,"Inv Cancer","Stroma","WT"
-13.4204972191009,-10.9238587261529,"Inv Cancer","Epithelial","WT"
-8.95871611570918,-12.8170058979561,"Inv Cancer","Stroma","WT"
-12.4478478042959,-11.3407300867434,"Inv Cancer","Epithelial","WT"
-8.54413597620412,-13.0329353912849,"Inv Cancer","Stroma","WT"
-13.5112786663489,-10.8865397202287,"Inv Cancer","Epithelial","WT"
-8.88508493906949,-13.2359703086677,"Inv Cancer","Stroma","WT"
-13.0618238923372,-11.1056808602597,"Inv Cancer","Epithelial","WT"
-9.628168722986,-12.9265306772167,"Inv Cancer","Stroma","WT"
-13.1845097060204,-11.0504508459308,"Inv Cancer","Epithelial","WT"
-9.28496491825518,-12.997004494712,"Inv Cancer","Stroma","WT"
-13.2292617357983,-10.9955095356232,"Inv Cancer","Epithelial","WT"
-11.3059434180412,-12.34875406142,"Inv Cancer","Stroma","WT"
-11.8471411538033,-11.6068315431208,"Inv Cancer","Epithelial","WT"
-7.94065647807733,-10.511470395464,"Fimbriae.C","Epithelial","WT"
-9.51258261125211,-12.1098696811881,"Inv Cancer","Stroma","WT"
-11.0079254375648,-11.8338251939748,"Inv Cancer","Epithelial","WT"
-8.15231506571193,-10.8863957093422,"Fimbriae.C","Epithelial","WT"
-8.44846815912101,-12.6068859915726,"Inv Cancer","Stroma","WT"
-11.9384841409731,-11.4097779974888,"Inv Cancer","Epithelial","WT"
-16.2008907773132,-2.88446009317991,"STIC.C","Epithelial","WT"
-16.1160893124336,-2.39232801862149,"STIC.C","Epithelial","WT"
-14.9418862576151,-1.83763380841404,"STIC.C","Epithelial","WT"
-16.6479107223815,-1.86928530822464,"STIC.C","Epithelial","WT"
-16.6494802577292,-1.93514009317853,"STIC.C","Epithelial","WT"
-16.6358259010801,-1.9251206360335,"STIC.C","Epithelial","WT"
-15.4521125707455,-1.84671986150191,"Inv Cancer","Epithelial","WT"
-15.0506721681299,-1.7275557085367,"Inv Cancer","Epithelial","WT"
-15.4342504091631,-1.74081190665101,"Inv Cancer","Epithelial","WT"
-16.283776560048,-2.84384585339626,"Cancer (Floating)","Epithelial","WT"
-8.72175254491909,-9.01714042407488,"FT.C","Epithelial","WT"
-20.3335860436755,-0.144811229608285,"Inv Cancer","Epithelial","WT"
-7.19266503997438,-12.4116575434348,"Inv Cancer","Stroma","WT"
-20.7008786213902,0.68917029037251,"Inv Cancer","Epithelial","WT"
-19.4821971738184,0.407932777699616,"Inv Cancer","Epithelial","WT"
-20.1551944416016,0.600092448157901,"Inv Cancer","Epithelial","WT"
-19.8863883456347,0.68534263476415,"Inv Cancer","Epithelial","WT"
-9.91843460937474,-9.52262236001932,"p53 Signature.C","Epithelial","WT"
-10.7462653011708,-8.4922275639157,"STIC.C","Epithelial","WT"
-10.7416594478687,-8.48238163589548,"STIC.C","Epithelial","WT"
-10.7058754676929,-8.39811871304343,"STIC.C","Epithelial","WT"
-21.3303414357077,0.492024323077496,"Inv Cancer","Epithelial","WT"
-21.1786800906492,0.921967237225267,"Inv Cancer","Epithelial","WT"
-20.8610319452407,0.978824512537855,"Inv Cancer","Epithelial","WT"
-8.62051598232461,-8.78670535654872,"FT.C","Epithelial","WT"
-19.8824568654843,-0.249840276858531,"Inv Cancer","Epithelial","WT"
-7.01841192102373,-12.9569440268688,"Inv Cancer","Stroma","WT"
-19.8930113458562,0.417958369088982,"Inv Cancer","Epithelial","WT"
-19.6977452207717,0.0150324894169852,"Inv Cancer","Epithelial","WT"
-7.17415623739392,-12.47298621846,"Inv Cancer","Stroma","WT"
-7.18093956782768,-12.2092266532369,"Inv Cancer","Stroma","WT"
-21.6040024004412,1.34700634008767,"Inv Cancer","Epithelial","WT"
-21.3718826574591,1.29833517082665,"Inv Cancer","Epithelial","WT"
-7.05792983941855,-14.1167875141009,"Inv Cancer","Stroma","WT"
-7.13927414289344,-13.8914013085703,"Inv Cancer","Stroma","WT"
-7.04280613835248,-14.0785425733444,"Inv Cancer","Stroma","WT"
-21.8255476307117,0.859324255244662,"Inv Cancer","Epithelial","WT"
-21.9828013163074,1.0853472713749,"Inv Cancer","Epithelial","WT"
-8.59514582275103,-8.82429302143804,"FT.C","Epithelial","WT"
13.2916634243476,-0.0600596083766049,"FT.C","Epithelial","WT"
12.9324419461504,-0.414335425224378,"FT.C","Epithelial","WT"
11.0602896258477,4.17361926081422,"FT.C","Epithelial","WT"
12.729270573999,6.85436770542652,"Fimbriae.C","Epithelial","WT"
12.0749838169762,5.7557533643958,"Fimbriae.C","Epithelial","WT"
10.0911538755781,4.75408834983079,"Fimbriae.C","Epithelial","WT"
-4.5124514710349,-1.43129347864349,"Cancer (Floating)","Epithelial","WT"
-2.60582938037495,17.8062958566111,"Cancer (Floating)","Epithelial","WT"
-3.97966511332366,0.0921973685404975,"Cancer (Floating)","Epithelial","WT"
7.08001469961243,6.40253534148891,"Fimbriae.C","Epithelial","WT"
9.99909535129023,7.9130714893133,"Fimbriae.C","Epithelial","WT"
11.2990042302112,4.49690111905948,"Fimbriae.C","Epithelial","WT"
-2.66670165622814,15.49544324992,"Inv Cancer","Epithelial","WT"
-2.6409727119543,15.5171531529729,"Inv Cancer","Epithelial","WT"
13.1895665375756,3.64819078754799,"Inv Cancer","Epithelial","WT"
0.266247692422402,15.4762041207058,"Inv Cancer","Epithelial","WT"
13.2091375242507,4.04622115528946,"Inv Cancer","Epithelial","WT"
13.2498796113336,3.94022549070476,"Inv Cancer","Epithelial","WT"
-1.70551571245538,17.0708597015888,"STIC.C","Epithelial","WT"
-1.60500183457209,17.0087075833442,"STIC.C","Epithelial","WT"
-1.82755847430515,16.6321878432891,"STIC.C","Epithelial","WT"
-1.73581533475631,17.1099857560464,"STIC.C","Epithelial","WT"
-1.18444948445534,16.3867965723659,"STIC.C","Epithelial","WT"
-1.06123504184549,16.4724184174213,"STIC.C","Epithelial","WT"
-2.19983412464829,17.780852786292,"STIC.C","Epithelial","WT"
-0.773257098027487,15.1719373729352,"STIC.C","Epithelial","WT"
-3.98221253483703,0.191818668113935,"Cancer (Floating)","Stroma","WT"
3.56645082246477,17.521211731484,"STIC.C","Epithelial","WT"
4.73634893182537,13.3079299192673,"STIC.C","Stroma","WT"
3.36583476798303,17.1994352191832,"STIC.C","Epithelial","WT"
1.22306611030751,15.4263785702408,"STIC.C","Epithelial","WT"
2.87334146020678,16.5998922075216,"STIC.C","Epithelial","WT"
2.83904071240908,16.4253220833307,"STIC.C","Epithelial","WT"
4.15137366483252,16.8038246881581,"p53 Signature.C","Epithelial","WT"
4.34926684076771,17.2549164956179,"p53 Signature.C","Epithelial","WT"
13.5800361205387,1.20602868108909,"p53 Signature.C","Epithelial","WT"
4.11408873210512,13.6918791672495,"STIC.C","Stroma","WT"
3.67833786876753,18.3124617218008,"STIC.C","Epithelial","WT"
3.71735884384306,18.3574414139289,"STIC.C","Epithelial","WT"
4.2477238480129,13.788844755582,"STIC.C","Stroma","WT"
3.76159619326323,13.6027483766453,"STIC.C","Stroma","WT"
3.79212376636352,18.6322065457719,"STIC.C","Epithelial","WT"
3.74167276428876,18.2078676465964,"STIC.C","Epithelial","WT"
6.91350488607037,3.80253784667918,"FT.C","Epithelial","WT"
4.09232654403965,5.72626522529529,"FT.C","Epithelial","WT"
5.1412161720895,6.18482498066343,"FT.C","Epithelial","WT"
5.58348015746833,5.13948682872478,"Fimbriae.C","Epithelial","WT"
5.99397706897043,4.41816949388061,"Fimbriae.C","Epithelial","WT"
3.99729637402687,2.07705040852474,"Fimbriae.C","Epithelial","WT"
-12.7384775584133,15.5908176973897,"Inv Cancer","Epithelial","WT"
-11.9865849692836,16.3249698263608,"Inv Cancer","Epithelial","WT"
-12.6297725360163,16.2702461201991,"Inv Cancer","Epithelial","WT"
-12.5176751920668,16.1370395071208,"Inv Cancer","Epithelial","WT"
-13.2815784588782,16.5823506871083,"STIC.C","Epithelial","WT"
-1.36702392455372,7.09384241564093,"STIC.C","Epithelial","WT"
18.57179669712,3.48394746194046,"STIC.C","Stroma","WT"
-13.4989128386758,17.1623686154592,"STIC.C","Epithelial","WT"
-12.853885894052,16.4310494262626,"STIC.C","Epithelial","WT"
-13.2785755207868,16.9460831339243,"STIC.C","Epithelial","WT"
-13.1398510323304,16.6713461051326,"STIC.C","Epithelial","WT"
-0.87337683124251,11.3625588072922,"STIC.C","Epithelial","WT"
-1.45744936035157,11.6200868687489,"STIC.C","Epithelial","WT"
-1.98608705792787,10.9974869777183,"STIC.C","Epithelial","WT"
-2.67213368363483,11.4371635451064,"Inv Cancer","Epithelial","WT"
-3.34098049707213,11.507313946837,"Inv Cancer","Epithelial","WT"
-3.43973690170128,11.510327713471,"Inv Cancer","Epithelial","WT"
-2.25531619796156,11.4933656620336,"Inv Cancer","Epithelial","WT"
-2.02044397218305,11.6031221441021,"Inv Cancer","Epithelial","WT"
-2.16160781570274,11.4602588241127,"Inv Cancer","Epithelial","WT"
-9.53427142991569,14.4632277321932,"STIC.C","Epithelial","WT"
-9.53765014208537,14.3517683343563,"STIC.C","Epithelial","WT"
9.49571243744785,7.24405984755501,"STIC.C","Epithelial","WT"
-9.31627099143753,14.2594126611054,"STIC.C","Epithelial","WT"
-9.5568199663159,14.4773580671694,"STIC.C","Epithelial","WT"
0.758128343676743,4.23765894789461,"STIL.C","Epithelial","WT"
-9.6406845081781,13.1380822028647,"p53 Signature.C","Epithelial","WT"
-9.66760766933244,14.7212298733916,"STIC.C","Epithelial","WT"
21.1038517712164,2.93709131478914,"Inv Cancer","Stroma","BRCA1, somatic"
21.5052120563715,1.72755966824845,"Inv Cancer","Epithelial","BRCA1, somatic"
21.4951401201895,2.2430756835054,"Inv Cancer","Stroma","BRCA1, somatic"
0.606148064331095,7.73308096034248,"Inv Cancer","Epithelial","BRCA1, somatic"
0.669804960314931,7.71760798621231,"Inv Cancer","Epithelial","BRCA1, somatic"
3.48708207319849,5.94290348034357,"FT.C","Epithelial","BRCA1, somatic"
3.47730445769218,6.84229709015236,"FT.C","Epithelial","BRCA1, somatic"
5.85466317930676,0.0408328845227435,"FT.C","Epithelial","BRCA1, somatic"
8.00022642954108,8.09596551284074,"FT.C","Epithelial","BRCA1, somatic"
11.1997921385293,0.845877320406493,"FT.C","Epithelial","BRCA1, somatic"
9.26888752404678,5.99525041282314,"FT.C","Epithelial","BRCA1, somatic"
7.09760874569627,0.8285732817592,"Fimbriae.C","Epithelial","BRCA1, somatic"
11.2128204697935,0.533852065384658,"Fimbriae.C","Epithelial","BRCA1, somatic"
14.1449275577797,-2.99518929218433,"Inv Cancer","Stroma","BRCA1, somatic"
-7.82068448054785,8.78745270058198,"STIC.C","Epithelial","WT"
17.099290590811,-10.4158056917224,"STIC.C","Stroma","WT"
-7.70757260487258,8.75763122768118,"STIC.C","Epithelial","WT"
-0.929804217433536,-2.19605024344083,"STIC.C","Stroma","WT"
-9.56101755349983,7.46543771041236,"STIC.C","Epithelial","WT"
-7.13342650881251,8.76438551716203,"STIC.C","Epithelial","WT"
15.3212053005794,6.56853909661794,"STIC.C","Stroma","WT"
-7.20759785942721,7.83443272892288,"STIC.C","Epithelial","WT"
17.8018021623326,-6.44003565998309,"STIC.C","Stroma","WT"
-3.72774849766563,-2.12969594405673,"STIC.C","Stroma","WT"
-7.55086894891395,8.77687570536228,"STIC.C","Epithelial","WT"
-6.24731999777203,8.91453214508377,"STIC.C","Epithelial","WT"
21.2881213725565,-4.68862239093791,"STIC.C","Stroma","WT"
-6.03212438510673,8.94757865986199,"STIC.C","Epithelial","WT"
-7.8613594925325,9.7140060283056,"STIC.C","Epithelial","WT"
12.9902802930376,-4.50865172086027,"STIC.C","Stroma","WT"
-7.67070822786682,9.30990057826769,"STIC.C","Epithelial","WT"
17.3622022738802,-5.68288059893687,"STIC.C","Stroma","WT"
-6.92005524267224,9.73066771264263,"STIC.C","Epithelial","WT"
-9.11408564528175,8.98947783072026,"Inv Cancer","Epithelial","WT"
11.8923713175932,-17.0261721962871,"Inv Cancer","Stroma","WT"
-8.90434512471479,8.2591327917571,"Inv Cancer","Epithelial","WT"
-4.10239437601315,-4.34884461257285,"Inv Cancer","Stroma","WT"
-9.65562484458159,8.06879566630839,"Inv Cancer","Epithelial","WT"
-9.50160851345566,8.78274406579391,"Inv Cancer","Epithelial","WT"
-9.83185045169828,8.68335927905983,"Inv Cancer","Epithelial","WT"
-3.09953693823799,-5.24513635870026,"Inv Cancer","Stroma","WT"
-9.57170721543728,8.74419759443273,"Inv Cancer","Epithelial","WT"
-2.99510580951898,-2.96538208168098,"Inv Cancer","Stroma","WT"
-10.0186119344686,9.48678272936895,"Inv Cancer","Epithelial","WT"
18.4996990616506,4.75036412841865,"Inv Cancer","Stroma","WT"
-9.93465897708086,8.60298629761486,"Inv Cancer","Epithelial","WT"
-9.99494959852101,8.25313593197719,"Inv Cancer","Epithelial","WT"
19.7880469465764,-4.99358763886613,"STIC.C","Stroma","WT"
-15.0516709162322,13.5366802652426,"Inv Cancer","Epithelial","WT"
-15.4139362111383,13.1809684082699,"Inv Cancer","Epithelial","WT"
-15.414755340165,13.1035396154311,"Inv Cancer","Epithelial","WT"
-6.26082378814478,-0.0313688702065152,"Inv Cancer","Epithelial","WT"
-15.8322731035634,12.8558959983371,"Inv Cancer","Epithelial","WT"
-15.7017940831831,12.9276619790527,"Inv Cancer","Epithelial","WT"
-4.18380011026317,-3.05299208771246,"Inv Cancer","Stroma","WT"
-16.5057290624204,14.7935718031356,"Inv Cancer","Epithelial","WT"
-4.0053499265907,-3.0707258628903,"Inv Cancer","Stroma","WT"
-16.4029377208424,14.4392528495412,"Inv Cancer","Epithelial","WT"
-16.0813408205107,14.0602562355646,"Inv Cancer","Epithelial","WT"
8.11793526258097,2.25986432635858,"STIC.C","Epithelial","WT"
-12.6163486038093,11.6837177599799,"STIC.C","Epithelial","WT"
-14.4491760957785,12.5195667828508,"STIC.C","Epithelial","WT"
-13.636692148993,12.3853642631193,"STIC.C","Epithelial","WT"
-13.1455024291163,12.2289664274869,"STIC.C","Epithelial","WT"
-6.2543213873073,-0.0267823310222286,"Cancer (Floating)","Epithelial","WT"
-14.4429968971956,12.320658039202,"STIC.C","Epithelial","WT"
-14.8733647180576,12.4467342198576,"STIC.C","Epithelial","WT"
-15.2681347591847,12.0776784950969,"Cancer (Floating)","Epithelial","WT"
10.5970245282794,6.21470702451601,"FT.C","Epithelial","WT"
8.45413247683019,3.23216248720624,"FT.C","Epithelial","WT"
11.1776957819386,6.23767982047101,"FT.C","Epithelial","WT"
-4.4068252480473,-2.26647579093524,"Inv Cancer","Stroma","WT"
-4.96527794780383,-2.05060098324676,"Inv Cancer","Stroma","WT"
-4.12665650268736,-2.90142863387604,"Inv Cancer","Stroma","WT"
2.40827733292623,9.69149847118106,"STIC.C","Epithelial","BRCA2"
2.34308301455013,9.6625362381369,"STIC.C","Epithelial","BRCA2"
19.3624411215965,1.93688727317687,"STIC.C","Stroma","BRCA2"
17.0252174591247,2.94222216125372,"STIC.C","Stroma","BRCA2"
19.4692703613541,-6.02949862979524,"STIC.C","Stroma","BRCA2"
2.98337164368382,9.9316457682592,"STIC.C","Epithelial","BRCA2"
2.29108246984307,9.66813052507256,"STIC.C","Epithelial","BRCA2"
16.87635901038,2.9550389020833,"STIC.C","Stroma","BRCA2"
20.7858855947437,1.1341896155857,"STIC.C","Stroma","BRCA2"
16.1446797640926,3.62608720581648,"STIC.C","Stroma","BRCA2"
2.61352009724213,9.72512519614571,"STIC.C","Epithelial","BRCA2"
9.35192223405815,5.46919929901206,"p53 Signature.C","Epithelial","BRCA2"
10.5450977318523,3.05817918581009,"p53 Signature.C","Epithelial","BRCA2"
18.6156984516117,-9.07741075987581,"p53 Signature.C","Stroma","BRCA2"
9.34138261881745,3.34060292903153,"p53 Signature.C","Epithelial","BRCA2"
16.2059399916992,-5.18684631740618,"p53 Signature.C","Stroma","BRCA2"
10.5354345279895,3.10880221845792,"p53 Signature.C","Epithelial","BRCA2"
15.7726144372794,1.87955234789984,"p53 Signature.C","Stroma","BRCA2"
11.1703790597065,2.4378528621638,"p53 Signature.C","Epithelial","BRCA2"
12.7410693189716,-16.7363495426388,"p53 Signature.C","Stroma","BRCA2"
11.6329225719948,2.31047884504147,"p53 Signature.C","Epithelial","BRCA2"
-2.89644676015571,6.05413628857459,"STIC.C","Epithelial","BRCA2"
9.12820192200112,-1.52330012489876,"STIC.C","Stroma","BRCA2"
-3.4108358650256,6.26944567958969,"Inv Cancer","Epithelial","BRCA2"
-1.09480606810601,6.91057504537295,"Inv Cancer","Stroma","BRCA2"
-3.54668123966274,6.32378926170202,"Inv Cancer","Epithelial","BRCA2"
-2.95299123043109,6.04910700384389,"STIC.C","Epithelial","BRCA2"
-6.28676702457663,17.1043971761466,"Inv Cancer","Epithelial","BRCA1 VUS"
-6.30510217658435,17.0102791206102,"Inv Cancer","Epithelial","BRCA1 VUS"
-7.4133043024253,16.8934483824162,"STIC.C","Epithelial","BRCA1 VUS"
16.9723386937462,-0.512531205120486,"STIC.C","Stroma","BRCA1 VUS"
-7.7681073838963,16.9538167059543,"STIC.C","Epithelial","BRCA1 VUS"
16.9113623052809,-0.890753203318835,"STIC.C","Stroma","BRCA1 VUS"
-7.87745458864972,16.9952621991935,"STIC.C","Epithelial","BRCA1 VUS"
16.2269401732747,-0.501599205419968,"STIC.C","Stroma","BRCA1 VUS"
-5.41487368597615,18.0570873696744,"Inv Cancer","Epithelial","BRCA1 VUS"
15.4915144747585,-2.2591999759635,"Inv Cancer","Stroma","BRCA1 VUS"
-5.42212292919118,18.0785113479142,"Inv Cancer","Epithelial","BRCA1 VUS"
15.5662026401981,-2.28361168730451,"Inv Cancer","Stroma","BRCA1 VUS"
-7.52682326858916,16.879978296021,"STIC.C","Epithelial","BRCA1 VUS"
-7.71787553557101,16.9501431911547,"STIC.C","Epithelial","BRCA1 VUS"
8.95622769648385,4.01395759637172,"Incidental FT","Epithelial","BRCA2"
19.6526597516559,-8.87625503787374,"Incidental FT","Stroma","BRCA2"
3.38591027473936,4.50335578640335,"Incidental p53sig","Epithelial","BRCA2"
22.3426862950999,-1.75750200027467,"Incidental p53sig","Stroma","BRCA2"
2.88256386009938,1.88277859968027,"Incidental p53sig","Epithelial","BRCA2"
22.4514996462167,-2.91924909830326,"Incidental p53sig","Stroma","BRCA2"
6.51191246483211,4.33504235542999,"Incidental p53sig","Epithelial","BRCA2"
19.6960932998442,-1.56601299413868,"Incidental p53sig","Stroma","BRCA2"
4.53796845816481,4.93662510995845,"Incidental FT","Epithelial","BRCA1"
18.1400657492301,-0.0652940910551865,"Incidental FT","Stroma","BRCA1"
4.25712251261215,4.48813570932309,"Incidental FT","Epithelial","BRCA1"
17.2664214247352,-6.43444457928248,"Incidental FT","Stroma","BRCA1"
3.49163555368297,3.8930928599676,"Incidental p53sig","Epithelial","BRCA1"
3.82106777304663,4.05203565934544,"Incidental p53sig","Epithelial","BRCA1"
4.07202348910794,3.53742117219974,"Incidental p53sig","Epithelial","BRCA1"
1.72011878560065,1.99998494795853,"Incidental p53sig","Epithelial","BRCA1"
18.67431970355,-6.39092797789346,"Incidental p53sig","Stroma","BRCA1"
12.095110559841,-17.5835320994697,"Incidental p53sig","Epithelial","BRCA1"
3.25331409007241,3.14409329425051,"Incidental FT","Epithelial","BRCA1"
3.52271482896432,3.02862791075473,"Incidental FT","Epithelial","BRCA1"
2.98695340003345,3.96361946247372,"Incidental FT","Epithelial","BRCA1"
3.95489945114858,3.57198964818341,"Incidental FT","Epithelial","BRCA1"
8.1295508732028,1.22022805372869,"Incidental p53sig","Epithelial","BRCA2"
12.4521073857024,-17.0311809009339,"Incidental p53sig","Stroma","BRCA2"
9.29989147603243,1.84070659150747,"Incidental p53sig","Epithelial","BRCA2"
9.86702744245003,2.15357299329249,"Incidental FT","Epithelial","BRCA2"
2.14086163678732,3.06606432159681,"Incidental p53sig","Epithelial","BRCA2"
2.33031157684937,2.65470164765835,"Incidental p53sig","Epithelial","BRCA2"
4.60692617941502,3.95830923008372,"Incidental p53sig","Epithelial","BRCA2"
16.9121983944309,-6.44064401897207,"Incidental p53sig","Stroma","BRCA2"
8.25430044240915,2.77900728506574,"Incidental FT","Epithelial","BRCA2"
20.3383890023033,-7.8565124906469,"Incidental FT","Stroma","BRCA2"
23.5765302346061,-2.82392801271542,"Incidental FT","Stroma","BRCA2"
9.82454756473541,3.42238777650231,"Incidental FT","Epithelial","BRCA2"
16.1869415763541,-6.56312758441041,"Incidental FT","Stroma","BRCA2"
7.85160320868842,6.82052502275876,"Incidental p53sig","Epithelial","BRCA2"
7.39014141986534,5.13754147925828,"Incidental p53sig","Epithelial","BRCA2"
6.58656458929407,2.1628646082219,"Incidental p53sig","Epithelial","BRCA2"
4.93138995976156,1.57577498228602,"Incidental p53sig","Epithelial","BRCA2"
8.1840382222073,5.20490305548046,"Incidental p53sig","Stroma","BRCA2"
12.6279424888058,-16.8213902205328,"Incidental p53sig","Stroma","BRCA2"
12.6649479662851,-16.7924132566363,"Incidental p53sig","Stroma","BRCA2"
12.0758759621812,1.72615313365951,"Incidental p53sig","Epithelial","BRCA2"
11.6431730161854,2.00411450188679,"Incidental p53sig","Epithelial","BRCA2"
12.6964145358929,2.85993309278596,"Incidental STIC","Epithelial","BRCA1"
17.4517639977676,-3.4295224567454,"Incidental STIC","Stroma","BRCA1"
8.54709288220548,12.3843003642405,"Incidental STIC","Epithelial","BRCA1"
16.9059473848078,-3.94242387035584,"Incidental STIC","Stroma","BRCA1"
7.98359130663239,12.2305734265944,"Incidental STIC","Epithelial","BRCA1"
15.2170039392567,-2.65548918253046,"Incidental STIC","Stroma","BRCA1"
7.79696853842742,12.1640691084015,"Incidental STIC","Epithelial","BRCA1"
16.0046786379443,-1.80788387967605,"Incidental STIC","Stroma","BRCA1"
7.85336032773552,12.2004493961061,"Incidental STIC","Epithelial","BRCA1"
18.9844273160491,-3.60013539181438,"Incidental STIC","Stroma","BRCA1"
7.49850521855271,11.9087543180938,"Incidental STIC","Epithelial","BRCA1"
20.556367936089,-6.72099688710466,"Incidental STIC","Stroma","BRCA1"
13.6078352065426,-1.94100094413135,"Incidental FT","Epithelial","BRCA1"
20.714904509436,-8.59611412681153,"Incidental FT","Stroma","BRCA1"
15.5937865815526,-4.50990658160749,"Incidental FT","Epithelial","BRCA1"
20.494597175698,-8.21461206447594,"Incidental FT","Stroma","BRCA1"
22.1239071175973,-4.39462421673744,"Incidental Fimbriae","Epithelial","BRCA1"
17.9478184677889,-5.36986191003446,"Incidental Fimbriae","Stroma","BRCA1"
20.3414823132788,-7.56059103687252,"Incidental Fimbriae","Stroma","BRCA1"
-1.48531713916761,4.21324507710535,"Incidental STIC","Epithelial","WT"
15.3766029418983,0.443000071264443,"Incidental STIC","Stroma","WT"
-1.48028299414191,4.43572005088299,"Incidental STIC","Epithelial","WT"
-1.44726615476798,4.41698974027991,"Incidental STIC","Epithelial","WT"
1.7129477739793,-0.00484821478548059,"Incidental Fimbriae","Epithelial","WT"
19.1969952234622,-0.755383092324116,"Incidental Fimbriae","Stroma","WT"
1.59458415579087,-0.116472001323876,"Incidental Fimbriae","Epithelial","WT"
1.7203406671046,0.0504024683695474,"Incidental Fimbriae","Epithelial","WT"
14.9284398658873,-1.02873670918946,"Incidental Fimbriae","Stroma","WT"
-0.312340944872873,5.74683902255688,"Incidental STIC","Epithelial","WT"
17.9860576142515,-1.44629876651204,"Incidental STIC","Stroma","WT"
0.308955891234857,5.88724323359841,"Incidental STIC","Epithelial","WT"
18.1426317550595,-2.90405324494817,"Incidental STIC","Stroma","WT"
6.50097518307291,5.02630220609753,"Incidental STIC","Epithelial","WT"
17.777526479897,-2.54007472249954,"Incidental STIC","Stroma","WT"
5.77202491367807,4.02099100911309,"Incidental STIC","Epithelial","WT"
7.5769110974765,4.09225036585953,"Incidental STIC","Epithelial","WT"
21.7266328909246,-7.70837313353858,"Incidental STIC","Stroma","WT"
6.07907999977682,2.62384500295718,"Incidental Fimbriae","Epithelial","WT"
17.1805443053915,-1.17740452806971,"Incidental Fimbriae","Stroma","WT"
5.09287137482275,3.78050347776312,"Incidental Fimbriae","Epithelial","WT"
17.7843562890923,-0.802821395879143,"Incidental Fimbriae","Stroma","WT"
3.91414954657959,0.992120963724107,"Incidental FT","Epithelial","WT"
19.6821417997294,-6.85902633773017,"Incidental FT","Stroma","WT"
3.78147605357441,0.367568118051426,"Incidental FT","Epithelial","WT"
20.8455367760846,-0.942043777828162,"Incidental FT","Stroma","WT"
3.58256905750773,0.693476934775088,"Incidental FT","Epithelial","WT"
21.4922941169452,-5.75660954003853,"Incidental FT","Stroma","WT"
1.60252326032931,6.19710811788778,"Incidental STIC","Epithelial","BRCA1"
15.8999726762566,-1.90703902031025,"Incidental STIC","Stroma","BRCA1"
1.7099729302692,5.18662005806554,"Incidental Fimbriae","Epithelial","BRCA1"
2.50811698684016,-1.09207771322855,"Incidental Fimbriae","Epithelial","BRCA1"
18.1121816478144,0.877755716452814,"Incidental STIC","Stroma","BRCA1"
5.28367242159984,2.54519238381544,"Incidental Fimbriae","Epithelial","BRCA1"
16.5156260684518,-2.33695137316306,"Incidental Fimbriae","Stroma","BRCA1"
5.73906620611872,3.07871170499752,"Incidental Fimbriae","Epithelial","BRCA1"
16.1873859417989,-3.06771464442514,"Incidental Fimbriae","Stroma","BRCA1"
5.2595302133354,2.73751412989986,"Incidental Fimbriae","Epithelial","BRCA1"
6.15575170626222,5.40861947774812,"Incidental Fimbriae","Stroma","BRCA1"
16.4848509881603,-2.61555328130349,"Incidental Fimbriae","Epithelial","BRCA1"
15.9617435747931,-3.28991848922785,"Incidental Fimbriae","Stroma","BRCA1"
6.67577953475765,7.91698146119923,"Incidental Fimbriae","Epithelial","BRCA1"
15.096797421127,-3.71093630099172,"Incidental Fimbriae","Stroma","BRCA1"
6.48466148286592,2.85514940425146,"Incidental Fimbriae","Epithelial","BRCA1"
16.4708728711464,-3.0408442579263,"Incidental Fimbriae","Stroma","BRCA1"
5.84051726860541,7.26880002705408,"Incidental FT","Epithelial","BRCA1"
18.8384458913295,-0.202244784379414,"Incidental FT","Stroma","BRCA1"
6.07237549094952,6.05921813213828,"Incidental FT","Epithelial","BRCA1"
16.7485096854734,0.349491419409661,"Incidental FT","Stroma","BRCA1"
5.26882278122552,7.75678732971883,"Incidental FT","Epithelial","BRCA1"
21.2124751985958,-5.22791497770748,"Incidental FT","Stroma","BRCA1"
6.36520491097982,6.03410121605112,"Incidental FT","Epithelial","BRCA1"
19.1297833992207,-0.872804253197006,"Incidental FT","Epithelial","BRCA1"
5.62485618099799,6.81366690606383,"Incidental FT","Stroma","BRCA1"
2.58915373715944,-5.03221989764387,"Incidental p53sig","Epithelial","BRCA1"
13.2880975204629,-7.93933969097499,"Incidental p53sig","Stroma","BRCA1"
2.74894404643497,-6.63547380426247,"Incidental FT","Epithelial","BRCA1"
2.8751243431988,-6.29725399845906,"Incidental p53sig","Epithelial","BRCA1"
3.76251543980073,-4.69755159512735,"Incidental FT","Epithelial","BRCA1"
19.2662376447549,-7.077122467879,"Incidental FT","Stroma","BRCA1"
2.83948728342328,-6.3384244922359,"Incidental FT","Epithelial","BRCA1"
9.78145423597388,-3.68939090717187,"Incidental FT","Stroma","BRCA1"
3.50230702055385,-3.77387101216473,"Incidental p53sig","Epithelial","BRCA1"
13.4103325965206,-8.00317167395388,"Incidental p53sig","Stroma","BRCA1"
7.86245431995506,-5.14882503212352,"Incidental p53sig","Epithelial","BRCA2"
5.97550311692602,-5.88005693884402,"Incidental p53sig","Epithelial","BRCA2"
12.1551069963445,-17.3324474735313,"Incidental p53sig","Epithelial","BRCA2"
21.101054857047,-2.8437723984071,"Incidental p53sig","Stroma","BRCA2"
16.3209906816251,-9.0679847386879,"Incidental p53sig","Epithelial","BRCA2"
6.23855215216061,-6.58273911130602,"Incidental p53sig","Epithelial","BRCA2"
6.23697308522709,-5.47030169834277,"Incidental p53sig","Epithelial","BRCA2"
20.7500321676628,-3.00109270235699,"Incidental p53sig","Stroma","BRCA2"
7.14889864071892,-6.38068890615327,"Incidental FT","Epithelial","BRCA2"
19.9542959326996,-3.77392857195408,"Incidental FT","Stroma","BRCA2"
6.61910658455347,-4.40282562351981,"Incidental FT","Epithelial","BRCA2"
13.9664860129291,-6.12862775693176,"Incidental FT","Stroma","BRCA2"
3.50353269927943,-9.46105193675664,"Incidental p53sig","Epithelial","BRCA1"
3.115198291617,-10.0754133596382,"Incidental p53sig","Epithelial","BRCA1"
3.75658446579506,-10.6464327076709,"Incidental p53sig","Epithelial","BRCA1"
5.00031717933489,-9.66161087768124,"Incidental p53sig","Epithelial","BRCA1"
4.4640679324748,-9.99071848466683,"Incidental p53sig","Epithelial","BRCA1"
4.40581922302276,-9.27267285967326,"Incidental p53sig","Epithelial","BRCA1"
4.03945432784964,-9.33463123119634,"Incidental p53sig","Epithelial","BRCA1"
3.89647496365355,-11.0126564572009,"Incidental Fimbriae","Epithelial","BRCA1"
3.2220741760864,-11.3978733523067,"Incidental Fimbriae","Epithelial","BRCA1"
11.9467576098065,-17.5527176451617,"Incidental Fimbriae","Stroma","BRCA1"
3.71425649040357,-11.659690069342,"Incidental Fimbriae","Epithelial","BRCA1"
17.135905357254,-7.29274616418466,"Incidental Fimbriae","Stroma","BRCA1"
3.21849655909664,-10.3937224025929,"Incidental p53sig","Epithelial","BRCA1"
3.12070660915391,-10.8689536503221,"Incidental p53sig","Epithelial","BRCA1"
3.8284411308519,-9.63966970744805,"Incidental Fimbriae","Epithelial","BRCA1"
4.79538887669125,-10.3538994724721,"Incidental Fimbriae","Epithelial","BRCA1"
4.43562711889257,-10.7078142729883,"Incidental Fimbriae","Epithelial","BRCA1"
4.41953459002501,-10.7284751346328,"Incidental Fimbriae","Epithelial","BRCA1"
3.99137757644257,-9.75379564871433,"Incidental Fimbriae","Epithelial","BRCA1"
9.16932985864272,-2.82218943623434,"Incidental Fimbriae","Stroma","BRCA1"
3.7284264116695,-10.3323302428108,"Incidental Fimbriae","Epithelial","BRCA1"
-1.23481559953932,1.32661217861729,"Incidental STIC","Epithelial","WT"
-1.21440756917472,1.30846958134668,"Incidental STIC","Epithelial","WT"
-1.25436957662554,1.34110000334563,"Incidental STIC","Epithelial","WT"
-2.68406275247646,-6.79211624032978,"Incidental STIC","Stroma","WT"
13.9635870347718,-8.76678057618101,"Incidental STIC","Stroma","WT"
3.79580733124766,-4.49505639251907,"Incidental FT","Epithelial","WT"
13.8861448410374,-7.67051598240157,"Incidental FT","Stroma","WT"
3.92090467750122,-5.72343946416999,"Incidental Fimbriae","Epithelial","WT"
12.3873971301747,-7.91092797429068,"Incidental Fimbriae","Stroma","WT"
10.9579639365196,-7.28693314133331,"Incidental Fimbriae","Stroma","WT"
4.67401462693741,-5.53537585847631,"Incidental Fimbriae","Epithelial","WT"
23.0195506569398,-6.04314330176517,"Incidental Fimbriae","Stroma","WT"
3.93256064772419,-4.74256748139122,"Incidental FT","Epithelial","WT"
14.02526376837,-7.6694632589604,"Incidental FT","Stroma","WT"
18.3591683999576,-7.19686516563828,"Inv Cancer","Epithelial","WT"
18.7223427308919,-7.75671285653109,"Inv Cancer","Stroma","WT"
13.1292661144324,-9.50289205500208,"Inv Cancer","Stroma","WT"
-6.24130138514453,3.76028942054696,"Inv Cancer","Epithelial","WT"
-6.1869574792046,3.72362869111724,"Inv Cancer","Epithelial","WT"
-6.28244931951497,3.78562043043636,"Inv Cancer","Epithelial","WT"
-6.17193449868633,3.6840791962907,"Inv Cancer","Epithelial","WT"
23.0614576636645,-4.26517317578575,"Inv Cancer","Stroma","WT"
22.6818963220205,-4.19328211300914,"Inv Cancer","Stroma","WT"
4.88784171383277,-4.36730564428973,"Fimbriae.C","Epithelial","WT"
4.77419719188197,-4.3487436021894,"Fimbriae.C","Epithelial","WT"
12.3708805034205,-8.35199342598769,"Fimbriae.C","Stroma","WT"
4.55286734892819,-4.22892132463309,"FT.C","Epithelial","WT"
9.93283790387746,-5.63106503957842,"Incidental STIC","Epithelial","WT"
-10.840989181282,3.21010183189415,"Incidental STIC","Epithelial","WT"
11.4107878164343,-5.71333003776594,"Incidental STIC","Stroma","WT"
-10.0437845528034,2.53113759044897,"Incidental STIC","Epithelial","WT"
11.7756733071814,-6.96782870546778,"Incidental STIC","Stroma","WT"
-10.3898318410763,2.67309525922914,"Incidental STIC","Epithelial","WT"
12.355517538819,-6.90053897551146,"Incidental STIC","Stroma","WT"
-10.8640190388269,2.86021186103247,"Incidental STIC","Epithelial","WT"
-11.0310847467636,2.75763626158537,"Incidental STIC","Epithelial","WT"
12.4533746429059,-6.23036709725954,"Incidental STIC","Stroma","WT"
-10.3717023766923,2.75827234998547,"Incidental STIC","Epithelial","WT"
-10.6404701602868,2.87806630585918,"Incidental STIC","Epithelial","WT"
-10.757438341182,2.239059213373,"Incidental STIC","Epithelial","WT"
12.072958679029,-5.93069533611723,"Incidental STIC","Stroma","WT"
6.96538959932504,-4.82392884253013,"Incidental Fimbriae","Epithelial","WT"
13.1112472399564,-6.32539190406207,"Incidental Fimbriae","Stroma","WT"
5.45462673688481,-7.18900200268172,"Incidental FT","Epithelial","WT"
7.81523693442556,-6.28572422328358,"Incidental FT","Epithelial","WT"
