"PC1","PC2","LESIONS","ROI"
-2.14642031640463,0.0556492030748628,"STIC.C","Epithelial"
-1.97454879192812,-0.0359454756147154,"STIC.C","Epithelial"
-2.35893369165146,0.205508321319931,"STIC.C","Epithelial"
-1.94160020698457,-0.222945557590185,"Cancer (Floating)","Epithelial"
-1.80481453011375,-0.280690586488859,"Cancer (Floating)","Epithelial"
-2.61687847222281,0.00618941428985448,"Fimbriae.C","Epithelial"
1.21188148852737,1.12152196287749,"Fimbriae.C","Epithelial"
-1.85730599538003,-0.189514488794763,"Fimbriae.C","Epithelial"
-1.98761729231892,0.149347014870619,"Inv Cancer","Epithelial"
-0.291279155390359,-0.618067015621774,"Inv Cancer","Epithelial"
-2.48942072873421,0.176640598985087,"Inv Cancer","Epithelial"
-2.54109846812764,0.0657145260610603,"Cancer (Floating)","Epithelial"
4.38294315787017,1.90525228763898,"STIL.C","Stroma"
-0.949474619965168,-0.177735463567639,"STIL.C","Epithelial"
8.72841130737632,0.685061469440223,"STIL.C","Stroma"
-0.660036935999427,1.16796783268683,"STIL.C","Epithelial"
4.96149567700267,2.66031869707049,"STIL.C","Stroma"
-1.04463081215324,0.406242347643698,"STIL.C","Epithelial"
-1.11267742949667,0.0400096496597272,"STIC.C","Stroma"
-1.59020487272575,-0.338960131802524,"STIC.C","Epithelial"
-0.740110127157277,-0.282482937701378,"STIC.C","Stroma"
-1.39402975749273,0.22233504830713,"STIC.C","Epithelial"
-0.144051830010642,0.394827503851334,"STIC.C","Stroma"
-2.15736493966262,-0.335351839541884,"STIC.C","Epithelial"
-0.758865668856366,-0.0267949549139369,"STIC.C","Stroma"
-2.13594439318869,-0.453002133604497,"STIC.C","Epithelial"
-0.581856278306869,-0.0719145670586202,"STIC.C","Stroma"
-1.75826051629083,0.217469504635616,"STIC.C","Epithelial"
-1.35957246465,0.095177179040529,"STIC.C","Stroma"
0.768679892058963,0.0430973513759688,"STIC.C","Epithelial"
3.77707921797766,2.2409524299181,"Inv Cancer","Stroma"
-2.26491580484305,-0.361160473331413,"Inv Cancer","Epithelial"
7.97894400354693,2.09037224160427,"Inv Cancer","Stroma"
-1.85530398722144,-0.152502944454748,"Inv Cancer","Epithelial"
4.12473118493131,-1.74477849804438,"Inv Cancer","Stroma"
-1.85876247210807,-0.250191328599019,"Inv Cancer","Epithelial"
-1.96493132219008,-0.127925522730776,"p53 Signature.C","Epithelial"
-0.523348037850718,-0.145622083682459,"p53 Signature.C","Epithelial"
-0.175025233766513,0.261710715239102,"p53 Signature.C","Epithelial"
1.69524944774927,-0.784076876724033,"STIC.C","Epithelial"
0.276487624220641,-1.67219365894888,"STIC.C","Epithelial"
-2.42191092130375,-0.353352869539006,"Inv Cancer","Epithelial"
-1.64929244580561,-0.458732713982492,"Inv Cancer","Epithelial"
-2.43364361979215,-0.314280462196105,"Inv Cancer","Epithelial"
-1.70772127167165,-0.686105629576604,"Cancer (Floating)","Epithelial"
-2.32308317774808,0.235189133948562,"FT.C","Epithelial"
1.57296413704406,-2.60833937056924,"FT.C","Epithelial"
-0.235917497673726,-0.389325424386907,"FT.C","Epithelial"
-0.0794263897085359,-1.39488447554765,"FT.C","Epithelial"
-0.526805353974513,-1.733251374177,"STIC.C","Epithelial"
0.348122759860176,-2.11345855803665,"STIC.C","Epithelial"
-0.242353367664931,-1.49161774260598,"STIC.C","Epithelial"
0.879882062361687,-0.997787259941663,"STIC.C","Epithelial"
-1.37798505351069,-0.836221066151451,"Cancer (Floating)","Epithelial"
-0.5312117232891,-1.23274770727675,"Cancer (Floating)","Epithelial"
0.658098379421534,-0.91180101004594,"Cancer (Floating)","Epithelial"
-1.51775452074872,-0.998252850987896,"Inv Cancer","Epithelial"
-0.660462494413877,-0.727043851440857,"Inv Cancer","Epithelial"
-0.625631449576698,-0.702144448921955,"Inv Cancer","Epithelial"
-2.17748450219165,-0.52907156782667,"p53 Signature.C","Epithelial"
-2.30244181723904,-0.36175196481372,"p53 Signature.C","Epithelial"
-0.879756770994664,0.240409482698009,"p53 Signature.C","Epithelial"
-1.62427908469496,-0.0839931636090962,"STIC.C","Stroma"
-1.96150333741764,-0.356448884489331,"STIC.C","Epithelial"
-1.76535748110385,0.171355801125887,"STIC.C","Stroma"
-2.64796937027966,-0.223503899757319,"STIC.C","Epithelial"
-1.74505633227113,-0.153601590642489,"STIC.C","Stroma"
-2.25237660443404,-0.385739351633077,"STIC.C","Epithelial"
-2.69867471656177,-0.212223547012881,"Inv Cancer","Epithelial"
-2.18433480105328,-0.354234949282424,"Inv Cancer","Epithelial"
-2.00400416051678,0.170998107005861,"Inv Cancer","Epithelial"
-2.53835239090436,-0.358877508002428,"Inv Cancer","Epithelial"
-2.355700246108,-0.666776285531777,"Inv Cancer","Epithelial"
-1.83798814164505,-0.965214363332546,"Inv Cancer","Epithelial"
1.49939431059031,-0.784921370835307,"Inv Cancer","Stroma"
-0.806818407824669,-0.857451049263809,"Inv Cancer","Epithelial"
-0.379609520518242,-0.441665395563962,"Inv Cancer","Epithelial"
-0.183023690949033,-1.48540029116726,"Inv Cancer","Epithelial"
-2.59641690464865,-0.3985225983928,"STIC.C","Epithelial"
-2.07313025354703,-0.39482021464113,"STIC.C","Epithelial"
-2.55181027429045,-0.425160055274417,"STIC.C","Epithelial"
-2.68823335399893,-0.282476490938007,"STIC.C","Epithelial"
-2.47739794410587,-0.0808187020319875,"FT.C","Epithelial"
-1.95837917643202,-0.0430788873087388,"Inv Cancer","Epithelial"
-0.659973868282162,-0.0456817906105441,"Inv Cancer","Epithelial"
1.64021991580613,2.1838534163935,"Inv Cancer","Epithelial"
2.97738146579759,2.49258370951602,"Inv Cancer","Epithelial"
-0.194360012595643,0.638209238907348,"Inv Cancer","Epithelial"
1.47508262580141,-0.124565811820034,"Inv Cancer","Epithelial"
6.04759696049506,3.66389590903423,"Inv Cancer","Epithelial"
4.14269016399172,3.10763093111933,"Inv Cancer","Epithelial"
1.37973279457047,-0.136119200412628,"Cancer (Floating)","Epithelial"
-1.66391944889885,-0.449478116407733,"STIC.C","Epithelial"
10.3634089098512,-5.33952052029465,"STIC.C","Epithelial"
-1.53587647047134,-0.410171630717984,"STIC.C","Epithelial"
-1.45027659946323,0.631089407183454,"p53 Signature.C","Epithelial"
4.2473563783653,-5.87159262205831,"Inv Cancer","Stroma"
0.79133788173038,-4.72562115831635,"Inv Cancer","Epithelial"
4.75599519887646,-5.6123973849966,"Inv Cancer","Stroma"
5.44881684033063,-7.52566196107002,"Inv Cancer","Epithelial"
0.600446686118947,-2.96371339944933,"Inv Cancer","Stroma"
-0.840508135316829,-3.00603739702947,"Inv Cancer","Epithelial"
3.10446780028232,-2.52211113756006,"Inv Cancer","Stroma"
-1.36945114400743,-1.26443074636512,"Inv Cancer","Epithelial"
7.53273780484789,-2.8370653358526,"Inv Cancer","Stroma"
0.161474439814848,-1.61054254732014,"Inv Cancer","Epithelial"
3.50134526529613,-2.55044653554606,"Inv Cancer","Stroma"
-2.1541321198322,-0.633177125256086,"Inv Cancer","Epithelial"
3.23188590995826,-8.88025213335792,"Inv Cancer","Stroma"
0.49201745492706,-3.71104832333396,"Inv Cancer","Epithelial"
-1.32540701048329,-0.150095641518887,"Fimbriae.C","Epithelial"
8.91386327195998,-8.13328920059328,"Inv Cancer","Stroma"
1.45781263291263,-2.72230805310093,"Inv Cancer","Epithelial"
-0.996319931747817,-0.444942047693664,"Fimbriae.C","Epithelial"
5.19073526741234,-5.17777302706213,"Inv Cancer","Stroma"
2.37251054607278,-5.16134935911351,"Inv Cancer","Epithelial"
-1.73745260018576,-0.809313729188521,"STIC.C","Epithelial"
-0.845543925049508,-0.417051951786409,"STIC.C","Epithelial"
0.703397819177347,-2.71322768411514,"STIC.C","Epithelial"
-2.27764158111279,-0.561015036050836,"STIC.C","Epithelial"
-2.52638569556354,-0.524921713611928,"STIC.C","Epithelial"
-2.62597750114865,-0.200953802989778,"STIC.C","Epithelial"
-2.41999727504139,-0.447336077948288,"Inv Cancer","Epithelial"
-2.35037895533596,-0.296137694590016,"Inv Cancer","Epithelial"
-2.63416467012367,-0.00846406763004806,"Inv Cancer","Epithelial"
-2.46057896130846,-0.124368158304582,"Cancer (Floating)","Epithelial"
-2.31609114209558,-0.331556268636418,"FT.C","Epithelial"
-0.0440575362901098,-0.633557440932166,"Inv Cancer","Epithelial"
10.3971472375872,4.3064240203384,"Inv Cancer","Stroma"
-1.23949147141157,-0.502071675994963,"Inv Cancer","Epithelial"
-1.60467142229155,0.00365380305432021,"Inv Cancer","Epithelial"
-1.51227290276962,-0.0325243129358468,"Inv Cancer","Epithelial"
-1.04619917715868,-0.184548233302228,"Inv Cancer","Epithelial"
-1.11343088732209,-0.3114988413499,"p53 Signature.C","Epithelial"
-1.5859838266582,0.344998706550845,"STIC.C","Epithelial"
-0.831095501776006,0.633778594266905,"STIC.C","Epithelial"
-1.76506819496251,0.15798199225199,"STIC.C","Epithelial"
-2.52176573568097,-0.314194067380811,"Inv Cancer","Epithelial"
-1.62791902438275,-1.09421150956126,"Inv Cancer","Epithelial"
-1.73798767105388,-0.845696115014473,"Inv Cancer","Epithelial"
-2.27057960449572,0.400078609776741,"FT.C","Epithelial"
0.819538566796891,-0.430377444758249,"Inv Cancer","Epithelial"
14.0233327678171,7.0874003886734,"Inv Cancer","Stroma"
-1.42409199500595,-0.266955338761072,"Inv Cancer","Epithelial"
-0.949489567798278,-0.353892390580719,"Inv Cancer","Epithelial"
11.5858780489518,2.50446851054692,"Inv Cancer","Stroma"
11.1620877809413,0.875694630587273,"Inv Cancer","Stroma"
-1.4216965471683,-0.575407967720041,"Inv Cancer","Epithelial"
-1.43483425578433,-0.828340531871146,"Inv Cancer","Epithelial"
1.31957426184483,1.02946798482482,"Inv Cancer","Stroma"
0.851864744612401,0.999385549254145,"Inv Cancer","Stroma"
-1.47975367400186,0.552384410142739,"Inv Cancer","Stroma"
-2.34410643259767,-0.251266906992522,"Inv Cancer","Epithelial"
-2.55577569502537,-0.237610823855028,"Inv Cancer","Epithelial"
-1.87316729305718,0.860482570577969,"FT.C","Epithelial"
4.12754346960798,-2.99767141003508,"FT.C","Epithelial"
0.950190313578614,-0.581220804358156,"FT.C","Epithelial"
2.01055087482478,-2.67624169382767,"FT.C","Epithelial"
14.0105680755948,-5.03771298549082,"Fimbriae.C","Epithelial"
12.2238745749859,-0.0569898004717508,"Fimbriae.C","Epithelial"
-0.187158174252486,0.0992583239035073,"Fimbriae.C","Epithelial"
4.38621102613201,-4.80441115856556,"Cancer (Floating)","Epithelial"
5.62089990729563,-0.473182465224906,"Cancer (Floating)","Epithelial"
12.8356543052399,-0.835861301811989,"Cancer (Floating)","Epithelial"
-2.34052014142733,0.295728310573303,"Fimbriae.C","Epithelial"
0.447304359597478,1.97243288690765,"Fimbriae.C","Epithelial"
-1.32842811259018,0.147169535239754,"Fimbriae.C","Epithelial"
0.440522960176883,0.032043531428269,"Inv Cancer","Epithelial"
2.58393750685295,0.449679281596568,"Inv Cancer","Epithelial"
-1.26646786626487,-0.990064166653623,"Inv Cancer","Epithelial"
-1.77414535400444,-0.207529208470256,"Inv Cancer","Epithelial"
-1.74065361447918,-0.240312673591216,"Inv Cancer","Epithelial"
-1.71649130681538,-0.415606756100107,"Inv Cancer","Epithelial"
-0.360334944904322,0.119547968622074,"STIC.C","Epithelial"
-1.39474385344507,-0.181548471616531,"STIC.C","Epithelial"
0.249254750906198,-1.14815625859006,"STIC.C","Epithelial"
-1.91770656733173,-0.345983683177386,"STIC.C","Epithelial"
-1.96725225982825,-0.201843362517526,"STIC.C","Epithelial"
-1.97345679556675,-0.123265186269999,"STIC.C","Epithelial"
-2.25076680492705,-0.036394523930685,"STIC.C","Epithelial"
-2.07617895798321,0.178465658275426,"STIC.C","Epithelial"
12.3647638704109,1.75346042066318,"Cancer (Floating)","Stroma"
3.2104878915599,-1.14857162066784,"STIC.C","Epithelial"
-0.413751610108391,0.308517074395932,"STIC.C","Stroma"
0.398964761547906,-1.37875595402571,"STIC.C","Epithelial"
1.27371813437317,-0.973968465333338,"STIC.C","Epithelial"
-1.26023658032398,-0.49684541944998,"STIC.C","Epithelial"
1.75871138874893,-2.27381556867428,"STIC.C","Epithelial"
-2.28627146278825,-0.133484863688069,"p53 Signature.C","Epithelial"
-1.99944787138496,-0.216140639691888,"p53 Signature.C","Epithelial"
-1.52725329145185,0.149375387737584,"p53 Signature.C","Epithelial"
5.60189285748592,3.35564617745306,"STIC.C","Stroma"
-0.32820464427227,-0.402888269823733,"STIC.C","Epithelial"
-1.61743093295553,-0.183491114569007,"STIC.C","Epithelial"
1.68735647797122,-0.896354515299161,"STIC.C","Stroma"
-0.0868459140064797,0.0268026509212192,"STIC.C","Stroma"
-1.51350953834795,-0.0624189521860977,"STIC.C","Epithelial"
-1.42028946105421,-0.126627414598926,"STIC.C","Epithelial"
-0.455237539221709,2.13478333772896,"FT.C","Epithelial"
-0.819372667525777,1.19769294847534,"FT.C","Epithelial"
-1.91454230709999,0.461102958614599,"FT.C","Epithelial"
-1.60927320542957,0.216646401528832,"Fimbriae.C","Epithelial"
-2.51100743917047,0.0544229672530912,"Fimbriae.C","Epithelial"
-2.52625677652557,0.180690203744684,"Fimbriae.C","Epithelial"
-1.80228404872778,-0.129314299166402,"Inv Cancer","Epithelial"
-2.41059106304806,0.0695916297338471,"Inv Cancer","Epithelial"
-2.05310403201043,-0.527542837148497,"Inv Cancer","Epithelial"
-1.44382176234123,-0.40842671853583,"Inv Cancer","Epithelial"
-1.35438382493212,0.013437858924486,"STIC.C","Epithelial"
0.640553599127854,1.12641209831176,"STIC.C","Epithelial"
0.895393452079369,2.13579316248391,"STIC.C","Stroma"
-0.776776677207718,0.749577845171461,"STIC.C","Epithelial"
-2.23884954509141,-0.171565665393222,"STIC.C","Epithelial"
-2.51149265453491,-0.149282525336301,"STIC.C","Epithelial"
-2.25655023247938,-0.0352589049345914,"STIC.C","Epithelial"
-2.14252378108292,0.0531423342214111,"STIC.C","Epithelial"
-1.5507804806678,-0.00200369187140579,"STIC.C","Epithelial"
-1.82093995546401,-0.591348435586171,"STIC.C","Epithelial"
-1.85877044047362,-0.0866067450717248,"Inv Cancer","Epithelial"
-1.64832895103558,-0.342309731857105,"Inv Cancer","Epithelial"
-2.42699344352315,-0.074775111881376,"Inv Cancer","Epithelial"
-1.50339641268131,-0.685988397342394,"Inv Cancer","Epithelial"
-1.48254561440021,-0.632217542146361,"Inv Cancer","Epithelial"
-1.62725179585549,-0.172089528009771,"Inv Cancer","Epithelial"
-1.864447148587,-0.862850146021716,"STIC.C","Epithelial"
-1.41342557228131,-0.763578696952915,"STIC.C","Epithelial"
2.59110112289731,-2.68021769796157,"STIC.C","Epithelial"
0.762623794534123,-0.277401366264606,"STIC.C","Epithelial"
-0.244213673911902,-3.8274273848716,"STIC.C","Epithelial"
-0.276940211013301,-1.44081658485437,"STIL.C","Epithelial"
-2.27564570303858,-0.127466826982435,"p53 Signature.C","Epithelial"
-1.78248597139203,-0.662845856098625,"STIC.C","Epithelial"
4.86330213911672,0.565575389587768,"Inv Cancer","Stroma"
2.77554576793241,0.994001216652528,"Inv Cancer","Epithelial"
3.70965028892605,-0.204716326049702,"Inv Cancer","Stroma"
-0.649457515471769,-0.378177371180176,"Inv Cancer","Epithelial"
2.02374694885057,0.132888960612642,"Inv Cancer","Epithelial"
-1.39423057100676,0.0350667181164987,"FT.C","Epithelial"
1.33515523691747,2.59557374182536,"FT.C","Epithelial"
0.347237770523258,1.72717754605488,"FT.C","Epithelial"
-1.08275907708396,1.29473375756779,"FT.C","Epithelial"
1.71123025402145,4.62021216209024,"FT.C","Epithelial"
1.29874426103821,4.89558828814635,"FT.C","Epithelial"
3.81425744670637,6.31821779875284,"Fimbriae.C","Epithelial"
-2.07057555704109,0.29735553418265,"Fimbriae.C","Epithelial"
7.30802158130177,2.54413985130547,"Inv Cancer","Stroma"
6.67189909796374,2.4331928532623,"STIC.C","Epithelial"
12.4595711186438,1.8162124614155,"STIC.C","Stroma"
2.8462207624067,-0.0683199775370036,"STIC.C","Epithelial"
15.1001050394549,3.72749276547615,"STIC.C","Stroma"
5.18298161794072,2.73828144012748,"STIC.C","Epithelial"
-1.08604710717612,-0.100750943182856,"STIC.C","Epithelial"
2.66590786514112,1.29042274968253,"STIC.C","Stroma"
3.89649113338926,3.45343312717858,"STIC.C","Epithelial"
1.56854422460018,-0.341048255540439,"STIC.C","Stroma"
12.1241069633853,5.08890582217008,"STIC.C","Stroma"
-1.21231419658477,-0.252220390029595,"STIC.C","Epithelial"
-0.385622438929045,-0.808186612481545,"STIC.C","Epithelial"
3.16432819710888,0.937941500071218,"STIC.C","Stroma"
-1.20861027385734,0.409170639958127,"STIC.C","Epithelial"
-0.356814275432956,-0.390013741475434,"STIC.C","Epithelial"
1.69170270834174,1.02420786208618,"STIC.C","Stroma"
-0.22409921101096,-0.809657310880904,"STIC.C","Epithelial"
1.12447361733774,0.645438036456334,"STIC.C","Stroma"
-0.402958881807711,0.173724829407771,"STIC.C","Epithelial"
-0.439705945691408,-0.135569033076154,"Inv Cancer","Epithelial"
7.72114630443557,-0.256028027347775,"Inv Cancer","Stroma"
-0.150558235865154,-0.937796476580982,"Inv Cancer","Epithelial"
9.09253848615717,-0.908337205905833,"Inv Cancer","Stroma"
2.14080856638728,-5.00721718435822,"Inv Cancer","Epithelial"
-0.0631542778761289,-0.871418303196397,"Inv Cancer","Epithelial"
0.821281636675419,-1.30285750987628,"Inv Cancer","Epithelial"
11.5493844549528,1.44950619459754,"Inv Cancer","Stroma"
-0.353234178401801,-0.189680861034463,"Inv Cancer","Epithelial"
11.1627415167618,-0.360084931021952,"Inv Cancer","Stroma"
-0.753874807298892,-0.214861396601706,"Inv Cancer","Epithelial"
8.19486655406226,-0.256969030602375,"Inv Cancer","Stroma"
-1.90053120266593,-0.18939270708488,"Inv Cancer","Epithelial"
-1.23966556029354,-0.436394439415073,"Inv Cancer","Epithelial"
-0.354248279862082,-0.354291682602338,"STIC.C","Stroma"
-2.5369055513504,-0.240535519672553,"Inv Cancer","Epithelial"
-2.35042290745863,-0.388880555991518,"Inv Cancer","Epithelial"
-2.47050366011116,-0.511326735144779,"Inv Cancer","Epithelial"
2.16931145582665,-2.90238099521142,"Inv Cancer","Epithelial"
-1.21432772460372,-0.352265677452791,"Inv Cancer","Epithelial"
-1.50711225736257,-0.381964872267207,"Inv Cancer","Epithelial"
0.446067241915191,0.859949386613253,"Inv Cancer","Stroma"
-0.297257137623744,1.52037362169319,"Inv Cancer","Epithelial"
8.19421913994896,1.17588874538687,"Inv Cancer","Stroma"
-0.223905699242039,1.39874412388719,"Inv Cancer","Epithelial"
-1.27176717535473,1.09344593519148,"Inv Cancer","Epithelial"
-1.82046501971024,-0.0343268785771282,"STIC.C","Epithelial"
-1.37791380549818,-0.0531802249124822,"STIC.C","Epithelial"
-2.33568844798759,-0.0264670652317874,"STIC.C","Epithelial"
-2.4041149614632,-0.0227158965486978,"STIC.C","Epithelial"
-2.41360535986206,-0.0868644701352691,"STIC.C","Epithelial"
-2.41675409414657,0.117341846687158,"Cancer (Floating)","Epithelial"
-2.58057746051852,0.0171382417923507,"STIC.C","Epithelial"
-2.56650673880403,-0.226517983755414,"STIC.C","Epithelial"
-1.71345453453301,-1.40732365690166,"Cancer (Floating)","Epithelial"
-2.14674819693177,0.643368213420868,"FT.C","Epithelial"
-0.846798391467307,-0.602878592206441,"FT.C","Epithelial"
-2.22682465497254,0.121278806655347,"FT.C","Epithelial"
3.86324419541409,2.81490456147969,"Inv Cancer","Stroma"
-0.920813690919186,0.046265768366205,"Inv Cancer","Stroma"
0.170351631629185,1.22723686273526,"Inv Cancer","Stroma"
2.16322107726766,1.31583364592075,"STIC.C","Epithelial"
2.40419860062045,-0.848866487332408,"STIC.C","Epithelial"
3.4633804854856,-0.572599773452108,"STIC.C","Stroma"
9.27260016699037,2.99267289662273,"STIC.C","Stroma"
0.340848979990734,-1.61036537186278,"STIC.C","Stroma"
-0.277505933568855,1.17509263596251,"STIC.C","Epithelial"
10.8836449094112,4.29044926616379,"STIC.C","Epithelial"
8.25510296844491,4.97778248838133,"STIC.C","Stroma"
13.0655424806446,4.69324587642329,"STIC.C","Stroma"
2.70001454279234,0.313405913974579,"STIC.C","Stroma"
1.13556579581807,2.24347562624826,"STIC.C","Epithelial"
0.140908427106121,-0.516169425665516,"p53 Signature.C","Epithelial"
-0.604840330974622,-0.0519137407208865,"p53 Signature.C","Epithelial"
-1.81092496380762,-0.051648116686775,"p53 Signature.C","Stroma"
-2.2400144128728,-0.152254037242217,"p53 Signature.C","Epithelial"
-2.03479057146518,0.359300435315323,"p53 Signature.C","Stroma"
-1.73534522951412,-0.616307634627952,"p53 Signature.C","Epithelial"
-0.131356203348541,-0.23528811223126,"p53 Signature.C","Stroma"
-1.80666802479786,-0.283613033904416,"p53 Signature.C","Epithelial"
-1.61872680683792,-0.146038063058775,"p53 Signature.C","Stroma"
-1.85369481134351,0.273586054367579,"p53 Signature.C","Epithelial"
0.125775002594526,-0.646538565054566,"STIC.C","Epithelial"
-2.32351550883934,0.0253318768166426,"STIC.C","Stroma"
24.8929037597218,1.94444640012792,"Inv Cancer","Epithelial"
13.139496369851,2.9338950321205,"Inv Cancer","Stroma"
1.28027590184023,-0.834744556295972,"Inv Cancer","Epithelial"
14.8747962886524,3.46612870634555,"STIC.C","Epithelial"
-0.994176187522963,0.169360728063079,"Inv Cancer","Epithelial"
-2.42811440338429,-0.0852490541736517,"Inv Cancer","Epithelial"
-2.28166503507875,-0.317854618863334,"STIC.C","Epithelial"
-2.14070422294403,0.1832291860044,"STIC.C","Stroma"
-2.50139928233592,0.0922659323657492,"STIC.C","Epithelial"
-1.68716290667578,0.334886869605675,"STIC.C","Stroma"
-2.64803265849276,-0.257999025509163,"STIC.C","Epithelial"
-2.16611895206932,0.287043175535442,"STIC.C","Stroma"
-2.3758606025869,0.131091156027321,"Inv Cancer","Epithelial"
9.8336305608745,-1.40112692235816,"Inv Cancer","Stroma"
-0.832463469047266,-0.0255826780206894,"Inv Cancer","Epithelial"
5.72970344505478,1.89843678433052,"Inv Cancer","Stroma"
-1.54841401737216,-0.351812804840928,"STIC.C","Epithelial"
-1.42418436480795,-0.217050668001213,"STIC.C","Epithelial"
-0.746997151117343,2.13203994350576,"Incidental FT","Epithelial"
-1.86540161509392,-0.0122629366815928,"Incidental FT","Stroma"
-0.0881515846586678,0.61570855510341,"Incidental p53sig","Epithelial"
-1.11933249419333,0.0505980987009872,"Incidental p53sig","Stroma"
-0.276892934486541,-0.121049470393493,"Incidental p53sig","Epithelial"
-1.0896325704883,-0.355517765964706,"Incidental p53sig","Stroma"
5.20286651486912,2.43263621710665,"Incidental p53sig","Epithelial"
5.7290037596346,1.27197846686554,"Incidental p53sig","Stroma"
-1.5227563738483,0.677854195862588,"Incidental FT","Epithelial"
-2.30235004948916,0.442860436646166,"Incidental FT","Stroma"
-1.18140615563973,1.32172388214043,"Incidental FT","Epithelial"
-1.86836110546501,0.367163617901874,"Incidental FT","Stroma"
-1.41287932972049,-0.296344570448782,"Incidental p53sig","Epithelial"
-1.71773421682813,0.541528440472299,"Incidental p53sig","Epithelial"
-2.3430298884534,0.0955483812242103,"Incidental p53sig","Epithelial"
2.10061891725214,-0.367230362939559,"Incidental p53sig","Epithelial"
5.05869206889997,1.156259859178,"Incidental p53sig","Stroma"
-1.96660998273016,-0.628772837857408,"Incidental p53sig","Epithelial"
-0.622140449769363,0.201916711655658,"Incidental FT","Epithelial"
-0.862344254834074,-0.107497532887645,"Incidental FT","Epithelial"
-1.66110798588621,0.203473233769239,"Incidental FT","Epithelial"
-1.9538833724622,-0.240656298805935,"Incidental FT","Epithelial"
-0.968702404796793,-0.476030308965417,"Incidental p53sig","Epithelial"
-2.34418433523183,0.580521016893024,"Incidental p53sig","Stroma"
-1.2588142868336,1.04855131135358,"Incidental p53sig","Epithelial"
-2.28375315367841,-0.0251897930464721,"Incidental FT","Epithelial"
-1.93276117789917,0.136144391442883,"Incidental p53sig","Epithelial"
-1.48497666748728,-0.103074093565237,"Incidental p53sig","Epithelial"
-0.32138346137736,-0.95724904439543,"Incidental p53sig","Epithelial"
-2.04473944964204,-0.0671975481591675,"Incidental p53sig","Stroma"
-1.92279242380666,0.367571265272843,"Incidental FT","Epithelial"
-1.92319139778518,0.25610932293478,"Incidental FT","Stroma"
-2.19486842004704,0.242508865265625,"Incidental FT","Stroma"
-2.15073385724278,-0.0657069984956879,"Incidental FT","Epithelial"
-2.05224162107081,0.553629453006982,"Incidental FT","Stroma"
0.34290029976112,0.981827209071322,"Incidental p53sig","Epithelial"
-0.0804846863203264,1.03391411755639,"Incidental p53sig","Epithelial"
-0.922227955436486,0.594319848137998,"Incidental p53sig","Epithelial"
-1.94709798885279,0.158433217530467,"Incidental p53sig","Epithelial"
-2.27938337409754,0.576517924986543,"Incidental p53sig","Stroma"
-2.22322350521677,0.513954440849849,"Incidental p53sig","Stroma"
-2.3989250138009,0.243937131907169,"Incidental p53sig","Stroma"
-1.21815017047781,-0.609591997718819,"Incidental p53sig","Epithelial"
-2.27203689127948,0.0882341229409265,"Incidental p53sig","Epithelial"
2.11038631000458,-0.934912695419528,"Incidental STIC","Epithelial"
5.69654788980625,1.08971101447572,"Incidental STIC","Stroma"
0.335982353190757,0.831313429273621,"Incidental STIC","Epithelial"
-1.44393172498566,-0.110967022594579,"Incidental STIC","Stroma"
2.03760654447075,-1.11078014017592,"Incidental STIC","Epithelial"
7.85875051969062,-1.82345857422633,"Incidental STIC","Stroma"
17.9863877319047,-0.306797041546098,"Incidental STIC","Epithelial"
5.39146175489382,1.49414313738748,"Incidental STIC","Stroma"
0.375631799202836,0.459342572004649,"Incidental STIC","Epithelial"
9.18543161890084,-2.85310505616181,"Incidental STIC","Stroma"
-0.672754584483825,-0.344754851049949,"Incidental STIC","Epithelial"
-0.532154326678683,-0.373473594907285,"Incidental STIC","Stroma"
-2.45021979475767,0.151170350340172,"Incidental FT","Epithelial"
-2.38258121055673,0.273752403578212,"Incidental FT","Stroma"
0.231926258603469,2.77788000580789,"Incidental FT","Epithelial"
-1.71558937307739,0.210811475124067,"Incidental FT","Stroma"
-0.298738459631914,1.51059010706959,"Incidental Fimbriae","Epithelial"
-2.0960216822695,-0.0231530389277055,"Incidental Fimbriae","Stroma"
-1.71245283876445,0.260359176628154,"Incidental Fimbriae","Stroma"
-1.99633125558293,0.352497863278326,"Incidental STIC","Epithelial"
-2.32361327153738,0.114262338318951,"Incidental STIC","Stroma"
-1.12881871821419,0.177471969881435,"Incidental STIC","Epithelial"
-1.46183399674708,-0.128285912416479,"Incidental STIC","Epithelial"
-0.656480708463533,-0.347121905073731,"Incidental Fimbriae","Epithelial"
-1.18529146703452,0.735252937154784,"Incidental Fimbriae","Stroma"
-2.26965639653107,0.11807151287757,"Incidental Fimbriae","Epithelial"
-1.9230478817211,0.380980445831338,"Incidental Fimbriae","Epithelial"
1.26991075513277,3.12631317835152,"Incidental Fimbriae","Stroma"
1.26333585691593,0.147142496716363,"Incidental STIC","Epithelial"
-1.69467966553146,0.142775601629639,"Incidental STIC","Stroma"
-0.450474466867395,0.788228970549118,"Incidental STIC","Epithelial"
-1.13087809074145,-0.16109714623678,"Incidental STIC","Stroma"
-0.459558708014284,0.78129357786834,"Incidental STIC","Epithelial"
-2.39618533320819,0.208629270004128,"Incidental STIC","Stroma"
-2.07384466086593,0.208032466997551,"Incidental STIC","Epithelial"
-1.36088479387334,0.0866577922130552,"Incidental STIC","Epithelial"
1.39191601738628,0.37804311916412,"Incidental STIC","Stroma"
-2.37922155852811,0.0958814897587048,"Incidental Fimbriae","Epithelial"
-2.2984749485179,0.052895972399769,"Incidental Fimbriae","Stroma"
-2.35002535775467,-0.124670183221828,"Incidental Fimbriae","Epithelial"
-2.00961909085067,0.0560800173674319,"Incidental Fimbriae","Stroma"
-0.566571699281223,1.98368972835845,"Incidental FT","Epithelial"
-0.225857408161648,7.55692374041512,"Incidental FT","Stroma"
-2.58209813375432,0.176401209910234,"Incidental FT","Epithelial"
-0.880061245536241,0.141799922951996,"Incidental FT","Stroma"
-2.27771957404991,1.06154487212193,"Incidental FT","Epithelial"
-2.19411653785907,0.25576320402286,"Incidental FT","Stroma"
-1.74698302741383,-0.715322312539468,"Incidental STIC","Epithelial"
8.89633158643866,-0.0677083434615152,"Incidental STIC","Stroma"
-0.307771569293505,1.48905012726659,"Incidental Fimbriae","Epithelial"
-2.22124810436995,0.336366622506838,"Incidental Fimbriae","Epithelial"
-2.0255243028362,0.21060814171169,"Incidental STIC","Stroma"
0.848266279923556,-1.61606737512662,"Incidental Fimbriae","Epithelial"
-1.27986370382056,0.224610436183244,"Incidental Fimbriae","Stroma"
-1.65891662517597,0.334793477759114,"Incidental Fimbriae","Epithelial"
-2.10692265287431,-0.0601567262273455,"Incidental Fimbriae","Stroma"
-2.13038108024769,-0.215172645571937,"Incidental Fimbriae","Epithelial"
-2.57835867160914,0.18343926526974,"Incidental Fimbriae","Stroma"
-1.88848357638191,0.689846297788595,"Incidental Fimbriae","Epithelial"
-2.3171284310131,0.141623663112818,"Incidental Fimbriae","Stroma"
-2.4513967314131,0.126977270895653,"Incidental Fimbriae","Epithelial"
-2.26072085438538,0.562756035598674,"Incidental Fimbriae","Stroma"
-1.51309362760368,-1.36871489609338,"Incidental Fimbriae","Epithelial"
-2.32202432088018,0.360091244651469,"Incidental Fimbriae","Stroma"
-0.625091799863894,-0.2033899381776,"Incidental FT","Epithelial"
-2.21074344110771,0.148997415217996,"Incidental FT","Stroma"
-2.45679134888492,0.0687927606272177,"Incidental FT","Epithelial"
-1.32372259988028,0.48011066334146,"Incidental FT","Stroma"
-2.38428848665137,-0.112585394667179,"Incidental FT","Epithelial"
-1.96850342950248,0.281385527120655,"Incidental FT","Stroma"
-2.58236723110975,0.166395640264771,"Incidental FT","Epithelial"
-2.21714230795879,0.213057745635797,"Incidental FT","Epithelial"
-1.80230962654628,0.41171598955706,"Incidental FT","Stroma"
-2.40311517972897,0.238760552844496,"Incidental p53sig","Epithelial"
-2.1077591133029,0.306740374703044,"Incidental p53sig","Stroma"
-2.35223091805204,0.684902132106587,"Incidental FT","Epithelial"
-2.44640046237842,0.119390170603443,"Incidental p53sig","Epithelial"
-2.28496350890254,0.892095205333928,"Incidental FT","Epithelial"
-2.37164649156704,0.373054932610029,"Incidental FT","Stroma"
-2.45266546499399,0.360643138057129,"Incidental FT","Epithelial"
-2.08825353406424,0.171552778700704,"Incidental FT","Stroma"
-1.87744710752515,0.20517328015851,"Incidental p53sig","Epithelial"
0.534038900876181,1.64458804630883,"Incidental p53sig","Stroma"
-1.45776233992367,0.893085311865208,"Incidental p53sig","Epithelial"
0.305287981428858,8.15922235181758,"Incidental p53sig","Epithelial"
-2.58474691961875,0.177965431305504,"Incidental p53sig","Epithelial"
-0.975954730998271,0.779846774219885,"Incidental p53sig","Stroma"
-2.16464523623291,0.239644440291483,"Incidental p53sig","Epithelial"
-1.47526409048537,-0.178806005189559,"Incidental p53sig","Epithelial"
-1.31014758613089,0.0610818079826143,"Incidental p53sig","Epithelial"
-2.02326590827267,0.660840132582715,"Incidental p53sig","Stroma"
-2.05479582595953,0.0139861274859921,"Incidental FT","Epithelial"
-2.29360360614326,0.295168182437966,"Incidental FT","Stroma"
-2.21395219355455,0.394164920799963,"Incidental FT","Epithelial"
-2.23748668356609,0.369528284754548,"Incidental FT","Stroma"
-1.37180284381756,0.697585976278972,"Incidental p53sig","Epithelial"
-2.34263915564063,0.0726557910102556,"Incidental p53sig","Epithelial"
-2.00460849306788,0.220490455877852,"Incidental p53sig","Epithelial"
-1.46519825700083,1.92637687521133,"Incidental p53sig","Epithelial"
-2.07553120766794,0.939984816304157,"Incidental p53sig","Epithelial"
-2.10528762359235,0.586072069317736,"Incidental p53sig","Epithelial"
-2.58902271058389,0.167846508247068,"Incidental p53sig","Epithelial"
-2.18282821533574,0.789487941834695,"Incidental Fimbriae","Epithelial"
-2.30014171765889,0.534129920210006,"Incidental Fimbriae","Epithelial"
-2.39683001217818,0.23201563542082,"Incidental Fimbriae","Stroma"
-2.57523638645295,0.192133134017269,"Incidental Fimbriae","Epithelial"
-2.39888281872664,0.241570979264743,"Incidental Fimbriae","Stroma"
-2.56344697544996,0.124985118644053,"Incidental p53sig","Epithelial"
-2.38573444828298,0.312959696237421,"Incidental p53sig","Epithelial"
-1.58486489668015,0.451091743890338,"Incidental Fimbriae","Epithelial"
-2.36208826769251,0.511924633803646,"Incidental Fimbriae","Epithelial"
-2.57500969953883,0.192413185631817,"Incidental Fimbriae","Epithelial"
-2.5743101850024,0.188440812073319,"Incidental Fimbriae","Epithelial"
-2.38619495202944,0.500080127978871,"Incidental Fimbriae","Epithelial"
-2.3043358342992,0.370119856050651,"Incidental Fimbriae","Stroma"
-2.57079690421581,0.108635959832255,"Incidental Fimbriae","Epithelial"
-2.09341488658151,-0.389107604817506,"Incidental STIC","Epithelial"
-1.95693481927497,-0.838149104221475,"Incidental STIC","Epithelial"
-1.6761648995975,-0.192717300603311,"Incidental STIC","Epithelial"
19.149306282192,-22.5021751905765,"Incidental STIC","Stroma"
-2.02484618780001,-0.280702173745807,"Incidental STIC","Stroma"
-1.95442630083856,-0.0937519272449511,"Incidental FT","Epithelial"
-1.43808422085276,0.732996036258909,"Incidental FT","Stroma"
-2.16206621498257,-0.564304129872017,"Incidental Fimbriae","Epithelial"
-2.11945890048388,-0.0969640103608288,"Incidental Fimbriae","Stroma"
-2.21955248236527,0.378794906638169,"Incidental Fimbriae","Stroma"
-1.93466795593817,0.948638070590009,"Incidental Fimbriae","Epithelial"
-2.31902674428835,0.123716880793551,"Incidental Fimbriae","Stroma"
-1.47765790198876,0.0351684828706449,"Incidental FT","Epithelial"
-1.00306391830309,0.0941998892488836,"Incidental FT","Stroma"
-2.10133607419167,-0.0204017720680975,"Inv Cancer","Epithelial"
1.25629481392543,0.00552012698209501,"Inv Cancer","Stroma"
0.33267674133073,-0.48106872530357,"Inv Cancer","Stroma"
-1.66505450417876,-0.170943400002759,"Inv Cancer","Epithelial"
-2.01681782964414,-0.00395405470721575,"Inv Cancer","Epithelial"
-0.807090509988586,-0.792412890657821,"Inv Cancer","Epithelial"
-1.52074967592106,-0.291617861850328,"Inv Cancer","Epithelial"
-1.15155692023673,0.550556915379764,"Inv Cancer","Stroma"
1.38258814875416,-1.82448972862772,"Inv Cancer","Stroma"
-2.16902238107222,-0.389228732239792,"Fimbriae.C","Epithelial"
-2.4781780876342,-0.0446421722433986,"Fimbriae.C","Epithelial"
-1.6856373313287,-0.329986652908088,"Fimbriae.C","Stroma"
-2.35784676334011,-0.025524072290327,"FT.C","Epithelial"
6.51921525948185,3.50446199666947,"Incidental STIC","Epithelial"
1.9556680439012,0.0660344675110548,"Incidental STIC","Epithelial"
5.32106956332212,2.903842025828,"Incidental STIC","Stroma"
-1.52210053335415,0.556098025889291,"Incidental STIC","Epithelial"
-2.40157622877177,0.23340694775005,"Incidental STIC","Stroma"
-2.32248699254979,0.0174457917033549,"Incidental STIC","Epithelial"
-2.24259425495769,0.550286271817032,"Incidental STIC","Stroma"
-1.28975456783676,-0.090379827831271,"Incidental STIC","Epithelial"
-0.881963058965669,0.386202759106686,"Incidental STIC","Epithelial"
-1.69565613370653,0.495638559184265,"Incidental STIC","Stroma"
-2.47055788900319,0.0687559213504354,"Incidental STIC","Epithelial"
-0.969915450530605,-0.22645582926049,"Incidental STIC","Epithelial"
-1.26723561944416,0.0243906619857689,"Incidental STIC","Epithelial"
-0.0774816862790866,-0.277342265996444,"Incidental STIC","Stroma"
-1.65965741739789,0.193482567610607,"Incidental Fimbriae","Epithelial"
-2.23780871947741,0.187186084796933,"Incidental Fimbriae","Stroma"
-1.96947255700267,1.16880085548282,"Incidental FT","Epithelial"
-2.57516558746294,0.184965757137973,"Incidental FT","Epithelial"
