Raman Shift (cm⁻¹),Importância
2710.0,6.387364502345005e-05
2711.0,6.384500708856298e-05
2709.0,6.308868994340267e-05
2712.0,6.281820737433447e-05
2708.0,6.184298184419974e-05
2713.0,6.095384685239505e-05
2707.0,6.0394819264146695e-05
2706.0,5.8854252353126605e-05
2714.0,5.844798816932652e-05
2705.0,5.71958644910363e-05
2715.0,5.539064932426382e-05
2704.0,5.532966501114852e-05
2758.0,5.4901213506663455e-05
2759.0,5.473674327406459e-05
2757.0,5.416620448497439e-05
2663.0,5.3783047496835414e-05
2760.0,5.366293983368377e-05
2662.0,5.360590587794583e-05
2664.0,5.358441208609246e-05
2665.0,5.3336853235670416e-05
2853.0,5.320091388710014e-05
799.0,5.319889611529796e-05
798.0,5.319541009607374e-05
2852.0,5.319253980337555e-05
800.0,5.3179809802494484e-05
2703.0,5.316534044136281e-05
801.0,5.3138892688264894e-05
797.0,5.311712807366665e-05
802.0,5.306055837619192e-05
2854.0,5.305705804555834e-05
2851.0,5.303818746955179e-05
803.0,5.290835000757371e-05
2756.0,5.2836923047391634e-05
2666.0,5.27538095341817e-05
2850.0,5.272008533380897e-05
796.0,5.267947142824871e-05
2855.0,5.2679462678472935e-05
2697.0,5.2634231356159285e-05
2909.0,5.260990905283901e-05
804.0,5.259137605908679e-05
2910.0,5.2590469141108505e-05
2696.0,5.2492868114191974e-05
1266.0,5.246759649577279e-05
2911.0,5.242343330460209e-05
2698.0,5.234034551564086e-05
1267.0,5.22802998975221e-05
2661.0,5.225489814890344e-05
2912.0,5.223346853317712e-05
2849.0,5.220788226574048e-05
2908.0,5.22042626088755e-05
1265.0,5.2152909619167584e-05
2761.0,5.2100916352619685e-05
2695.0,5.207191123590247e-05
2716.0,5.205463930082299e-05
2913.0,5.2036839620121585e-05
805.0,5.185093310879112e-05
2856.0,5.185033294554875e-05
2914.0,5.1772991618266854e-05
2694.0,5.153056608620595e-05
334.0,5.149322248869262e-05
1268.0,5.148382394547902e-05
333.0,5.1479462830976276e-05
2848.0,5.142327137404715e-05
335.0,5.1419574178186615e-05
2667.0,5.141313803290977e-05
332.0,5.141162378568056e-05
1264.0,5.1361833891089195e-05
2699.0,5.131347409866e-05
331.0,5.1307372624547885e-05
2915.0,5.128671163380624e-05
2738.0,5.1237867045545825e-05
336.0,5.120601029319741e-05
2739.0,5.1188216545322294e-05
330.0,5.1171555589533935e-05
2693.0,5.1072589585824317e-05
2755.0,5.1064479391001435e-05
329.0,5.0998629524792784e-05
2907.0,5.099397104708973e-05
2737.0,5.088354999641314e-05
795.0,5.0816038681833415e-05
337.0,5.0778128990308446e-05
328.0,5.0775211297385094e-05
2692.0,5.061930708452518e-05
2702.0,5.06089003741922e-05
2734.0,5.058984616933044e-05
2733.0,5.0509940080919035e-05
2736.0,5.0508892326821115e-05
2740.0,5.048908883940599e-05
327.0,5.0483118082820314e-05
2735.0,5.04387439110623e-05
2762.0,5.039782887730673e-05
675.0,5.0352720905721866e-05
2916.0,5.025974649348816e-05
2847.0,5.020881556328156e-05
2857.0,5.0169843598426886e-05
676.0,5.014271848017401e-05
326.0,5.0103493349016876e-05
338.0,5.004215094414486e-05
1263.0,5.003786837309404e-05
2732.0,4.997816709712253e-05
1269.0,4.9928705384577585e-05
806.0,4.985410225569863e-05
2691.0,4.982752047100826e-05
325.0,4.962252042166314e-05
2991.0,4.9531405615443154e-05
2992.0,4.9438161762419916e-05
2668.0,4.940350302876036e-05
2700.0,4.9367914757016456e-05
697.0,4.9310287504170747e-05
698.0,4.9247385044259414e-05
2731.0,4.9182179894297935e-05
2741.0,4.906860054651821e-05
324.0,4.9038480102195826e-05
2990.0,4.9021730474663854e-05
2660.0,4.897345254455443e-05
2717.0,4.892471328841377e-05
339.0,4.8898966494589864e-05
699.0,4.889474997792591e-05
696.0,4.885724507674452e-05
2906.0,4.871348819114274e-05
2754.0,4.866534851556255e-05
2690.0,4.8604407300691334e-05
2763.0,4.843546574466505e-05
700.0,4.843327633813291e-05
2730.0,4.84163176582085e-05
2846.0,4.838010606628567e-05
323.0,4.836940439569193e-05
2989.0,4.835999799219945e-05
2993.0,4.8319078102434374e-05
674.0,4.825733244875675e-05
2917.0,4.8127234359016584e-05
1262.0,4.808982824405588e-05
701.0,4.7972048587327515e-05
677.0,4.7934274583482286e-05
2729.0,4.79334286135098e-05
2685.0,4.7918822671342505e-05
2988.0,4.789591879621302e-05
1347.0,4.782201259294212e-05
2727.0,4.7794484412595164e-05
2726.0,4.77893802927437e-05
2728.0,4.778414496012473e-05
1348.0,4.774484766244049e-05
695.0,4.7717981689564075e-05
2725.0,4.768592604577276e-05
2987.0,4.767052325983804e-05
322.0,4.765864661404103e-05
659.0,4.76337716002423e-05
2701.0,4.7609273529792144e-05
702.0,4.756446462323378e-05
1346.0,4.751423899284818e-05
1270.0,4.749593964168654e-05
2686.0,4.744406550921703e-05
2724.0,4.738298361343528e-05
2669.0,4.7364833169695205e-05
2689.0,4.7328333774362964e-05
1349.0,4.731768299402037e-05
2986.0,4.729536880768079e-05
340.0,4.727316647002379e-05
2753.0,4.7253221033257496e-05
703.0,4.723188897957612e-05
660.0,4.718005113481419e-05
711.0,4.716395498233954e-05
1418.0,4.715010829330246e-05
658.0,4.709936904860364e-05
2858.0,4.709290665537973e-05
710.0,4.7075805341102466e-05
1417.0,4.70627515711792e-05
712.0,4.705646077024156e-05
2684.0,4.7054442279931897e-05
704.0,4.698091374349942e-05
321.0,4.697072315809394e-05
2742.0,4.6945889934163625e-05
709.0,4.692571590461188e-05
1027.0,4.691670716971953e-05
705.0,4.681283648526273e-05
708.0,4.679496866724734e-05
2723.0,4.678387168227053e-05
1345.0,4.6732909530387894e-05
706.0,4.672749323707049e-05
707.0,4.6723409358076225e-05
1026.0,4.670892387671741e-05
2687.0,4.669163707775769e-05
1028.0,4.667366923559903e-05
713.0,4.659722679687055e-05
2688.0,4.6572663540123875e-05
1350.0,4.654358241490092e-05
1419.0,4.6459836163203513e-05
2718.0,4.643474532927638e-05
320.0,4.63713689996242e-05
1096.0,4.621916543132655e-05
1095.0,4.6181341317816835e-05
1025.0,4.612281355129208e-05
657.0,4.61224259297502e-05
1416.0,4.607853746511783e-05
2985.0,4.6043758126017584e-05
308.0,4.5982243344841064e-05
307.0,4.5977718848397125e-05
1097.0,4.597749254482506e-05
2722.0,4.5927075580419055e-05
309.0,4.592305846488449e-05
2994.0,4.5921087549049895e-05
694.0,4.590432436847629e-05
2764.0,4.5903892536543646e-05
319.0,4.590280413408317e-05
1029.0,4.589186908746329e-05
306.0,4.587768046067302e-05
2845.0,4.583412915299847e-05
310.0,4.582409884037091e-05
1094.0,4.5813641242098195e-05
2670.0,4.576171253146899e-05
794.0,4.570686547412488e-05
311.0,4.570371986119387e-05
714.0,4.5702935399650495e-05
1140.0,4.569835624982162e-05
1139.0,4.566914308259399e-05
305.0,4.5637170153069955e-05
312.0,4.5576002330671895e-05
318.0,4.557514435776912e-05
3002.0,4.5531819943383584e-05
3003.0,4.5509041148325016e-05
1098.0,4.5506045647650225e-05
1261.0,4.5478876584305265e-05
313.0,4.5453492535095364e-05
1351.0,4.544739152588177e-05
1141.0,4.54332306942394e-05
2905.0,4.541725054925684e-05
1138.0,4.5411268961278884e-05
1344.0,4.539266975669029e-05
317.0,4.537702503023622e-05
314.0,4.5351069109140983e-05
1014.0,4.532738315956046e-05
316.0,4.528892125539502e-05
315.0,4.528836250749773e-05
3001.0,4.525508889203055e-05
1024.0,4.523572430863103e-05
304.0,4.5189867344150085e-05
1420.0,4.517327644965174e-05
1013.0,4.516739245648953e-05
341.0,4.515036026696193e-05
3004.0,4.512109722509757e-05
1093.0,4.510013542158108e-05
2752.0,4.50860524792999e-05
2721.0,4.501956072891381e-05
1137.0,4.4949014348166914e-05
661.0,4.491294985197829e-05
2719.0,4.490564705317808e-05
1099.0,4.48227795581865e-05
656.0,4.482138957749318e-05
1142.0,4.47962676163511e-05
3000.0,4.474526414821196e-05
1015.0,4.472523325936307e-05
2683.0,4.468948921434424e-05
2674.0,4.460319037964754e-05
2671.0,4.459413347783027e-05
3005.0,4.4541800018054976e-05
2720.0,4.450351749236273e-05
1030.0,4.446649615803677e-05
678.0,4.446515455415582e-05
715.0,4.445435079783038e-05
303.0,4.44370872332503e-05
2675.0,4.435016499940522e-05
673.0,4.434548676629321e-05
1136.0,4.427837757997469e-05
2743.0,4.4262512513585917e-05
1271.0,4.4187608450688225e-05
1023.0,4.415932265224071e-05
2918.0,4.415069738892691e-05
1415.0,4.412518907426026e-05
1352.0,4.41247230212372e-05
2673.0,4.4086797669585316e-05
1092.0,4.407385361143642e-05
3006.0,4.4046356584879366e-05
1012.0,4.3969202752518346e-05
2672.0,4.395906670152896e-05
2999.0,4.391714048040689e-05
1100.0,4.3900545854167717e-05
807.0,4.3887816543946616e-05
1146.0,4.387091723748234e-05
2659.0,4.382882270389048e-05
1145.0,4.37879950446581e-05
1016.0,4.3755489133328435e-05
1143.0,4.3734346824576564e-05
2938.0,4.365166588780018e-05
288.0,4.364403470369174e-05
287.0,4.364197768923003e-05
289.0,4.363951935165541e-05
286.0,4.363055365622906e-05
290.0,4.362925279089581e-05
693.0,4.3622079862068344e-05
291.0,4.361108560683706e-05
285.0,4.3604910268619525e-05
292.0,4.357560167650493e-05
284.0,4.355750789414482e-05
1421.0,4.354004138569841e-05
1343.0,4.352363303263844e-05
3007.0,4.3499358518396657e-05
293.0,4.349444141421235e-05
283.0,4.347683612400381e-05
1135.0,4.340297196988189e-05
1147.0,4.3387605290489554e-05
2939.0,4.335978354409307e-05
282.0,4.334516217263819e-05
1144.0,4.3313801133323916e-05
294.0,4.330146536762249e-05
302.0,4.323391087002886e-05
281.0,4.3134691316766484e-05
655.0,4.312775109782661e-05
2984.0,4.309413662112223e-05
1022.0,4.306038677782044e-05
716.0,4.305764791653411e-05
3068.0,4.304141726592342e-05
3067.0,4.291693399494681e-05
295.0,4.28822945076276e-05
2937.0,4.287093548144741e-05
1091.0,4.280207924399801e-05
280.0,4.280059891007583e-05
2765.0,4.277212698271044e-05
1017.0,4.2757229807247854e-05
1353.0,4.272409462765915e-05
2751.0,4.270083128029175e-05
1101.0,4.2666354426546036e-05
2998.0,4.2644857276321715e-05
342.0,4.260238054082798e-05
2844.0,4.2531374325444125e-05
2676.0,4.2488726677758945e-05
1134.0,4.234994622053674e-05
2995.0,4.234120764641586e-05
1031.0,4.2301311096471785e-05
3008.0,4.229551853196016e-05
1260.0,4.229243383081689e-05
279.0,4.2267536830819754e-05
1148.0,4.219410410663456e-05
2859.0,4.218648503065972e-05
1021.0,4.214687718793031e-05
3069.0,4.2146403441950453e-05
296.0,4.2088090978171856e-05
2940.0,4.206803965405346e-05
470.0,4.20065848244384e-05
469.0,4.1996652957320594e-05
1018.0,4.196890785174036e-05
878.0,4.182865267397702e-05
1422.0,4.182362066728038e-05
1011.0,4.1797467051956524e-05
468.0,4.17343378389968e-05
717.0,4.170339549786738e-05
471.0,4.1700717687421906e-05
2682.0,4.169101129218337e-05
879.0,4.1636505407767814e-05
1020.0,4.1609640678178764e-05
1019.0,4.155331278545034e-05
2744.0,4.1502557891154345e-05
877.0,4.145692053473251e-05
3066.0,4.142100142210794e-05
278.0,4.140460700349793e-05
2904.0,4.13925714907947e-05
301.0,4.138651474498938e-05
1090.0,4.135943139554151e-05
1354.0,4.135842170669016e-05
1342.0,4.131026011376874e-05
467.0,4.1308794199181834e-05
1414.0,4.12287483282635e-05
880.0,4.118562056105155e-05
1133.0,4.1157674366474974e-05
692.0,4.113164242905582e-05
2936.0,4.108365162582492e-05
472.0,4.108359340690983e-05
1102.0,4.100468464147609e-05
654.0,4.093191740781423e-05
2997.0,4.083326804561148e-05
662.0,4.080480341676616e-05
466.0,4.078188077480097e-05
297.0,4.0764064251852846e-05
2750.0,4.067890413864812e-05
881.0,4.065305300059815e-05
679.0,4.060424377144271e-05
718.0,4.0481250010205444e-05
1423.0,4.0236555528268995e-05
1149.0,4.023040220778831e-05
473.0,4.022708882655552e-05
876.0,4.021326423353895e-05
2831.0,4.0207471884400766e-05
1272.0,4.0187733505532775e-05
465.0,4.017320869744944e-05
882.0,4.0107407820498475e-05
1355.0,4.006913625008546e-05
277.0,3.999000130831075e-05
691.0,3.993121666318742e-05
343.0,3.991980419968854e-05
3009.0,3.9894376024870415e-05
2941.0,3.986909677696438e-05
1132.0,3.985772003081963e-05
1089.0,3.9810788625028724e-05
672.0,3.973320557206569e-05
926.0,3.968825730153691e-05
883.0,3.955565567891631e-05
464.0,3.948464411451478e-05
2830.0,3.948119420650959e-05
3070.0,3.9462720571901906e-05
2677.0,3.9453373441369675e-05
719.0,3.939802946735147e-05
1032.0,3.9365146984378174e-05
2745.0,3.934242717951262e-05
2766.0,3.932435754127036e-05
474.0,3.92393878212136e-05
2749.0,3.921458890883322e-05
925.0,3.921101010561386e-05
690.0,3.918937580207242e-05
927.0,3.913224515464961e-05
1010.0,3.908538947787196e-05
1341.0,3.898190283212835e-05
298.0,3.897463655271099e-05
884.0,3.897253515384202e-05
1424.0,3.891160550292183e-05
2832.0,3.891152016703489e-05
1356.0,3.887159872801427e-05
2681.0,3.8858283053742256e-05
300.0,3.8791391244026145e-05
1103.0,3.877052988517103e-05
1259.0,3.873347173507796e-05
463.0,3.872336336133323e-05
2935.0,3.8594188647101985e-05
1131.0,3.84646425309927e-05
720.0,3.8433208441562495e-05
2996.0,3.832283353031118e-05
885.0,3.83110719695245e-05
2843.0,3.8307417482289405e-05
2748.0,3.829573347043891e-05
475.0,3.822809614592153e-05
1088.0,3.820877234976307e-05
793.0,3.818226345057136e-05
2746.0,3.8174089591698085e-05
653.0,3.813698126413858e-05
2658.0,3.812950368390301e-05
875.0,3.8093745274347155e-05
2983.0,3.805342513712735e-05
2747.0,3.791328376851587e-05
462.0,3.7900138303286825e-05
1425.0,3.7888424406392686e-05
689.0,3.7875055445989826e-05
2919.0,3.787302764302038e-05
1150.0,3.785548148979203e-05
928.0,3.781327722032608e-05
1357.0,3.776162084756884e-05
2925.0,3.774492820004727e-05
276.0,3.770024690297255e-05
2924.0,3.761611746141998e-05
924.0,3.760482919649353e-05
1413.0,3.759139155465832e-05
721.0,3.757987545268351e-05
886.0,3.750148828906852e-05
476.0,3.7273209841332584e-05
344.0,3.721511317411137e-05
2829.0,3.7158519834482134e-05
3065.0,3.7134690026105415e-05
680.0,3.710332162739438e-05
1426.0,3.709308310607436e-05
2926.0,3.70266402167761e-05
461.0,3.701604669894587e-05
1130.0,3.6972597032728334e-05
2903.0,3.69454240048024e-05
2942.0,3.687860538741813e-05
722.0,3.6858200912165924e-05
2678.0,3.673941814876389e-05
1358.0,3.6683827663889255e-05
1340.0,3.6681228131857165e-05
2680.0,3.6658862102487854e-05
3310.0,3.665247642460738e-05
1087.0,3.6595297228743995e-05
299.0,3.6486174989212745e-05
3058.0,3.648334273389275e-05
3189.0,3.644426842450168e-05
887.0,3.644381760588163e-05
3010.0,3.641973627426705e-05
477.0,3.641623959350179e-05
1009.0,3.636346272978472e-05
2923.0,3.6333940371120795e-05
1427.0,3.6327748100485354e-05
723.0,3.62996110449058e-05
688.0,3.626779889813978e-05
663.0,3.6120012001481426e-05
3309.0,3.611833926577334e-05
460.0,3.605728155273975e-05
736.0,3.6028947521040695e-05
929.0,3.602893714341883e-05
2809.0,3.601647942229933e-05
2808.0,3.600786013325539e-05
735.0,3.598835860219794e-05
737.0,3.592387157202876e-05
2810.0,3.591684869219819e-05
2934.0,3.5911263941511065e-05
724.0,3.590989771107972e-05
1273.0,3.583844026222067e-05
1104.0,3.5833417279412786e-05
2807.0,3.5829732067460266e-05
734.0,3.5816562438222546e-05
2811.0,3.580410587341625e-05
1033.0,3.576555496670972e-05
2927.0,3.575922448019054e-05
2679.0,3.5735052791266715e-05
2812.0,3.57262265437683e-05
738.0,3.5670274932854995e-05
478.0,3.566337376575939e-05
2813.0,3.565704939310716e-05
2805.0,3.565225492123057e-05
725.0,3.564774452021548e-05
3059.0,3.564403653938199e-05
161.0,3.562976473854088e-05
2767.0,3.562271034593375e-05
3057.0,3.561701378616428e-05
2804.0,3.561418917426525e-05
2860.0,3.559663512243385e-05
2806.0,3.5575525641282634e-05
733.0,3.5559514923071057e-05
2833.0,3.5554960407903696e-05
3188.0,3.5554812600930736e-05
160.0,3.5549826773493046e-05
1359.0,3.554872323011627e-05
874.0,3.554798802116391e-05
2814.0,3.553640929065159e-05
726.0,3.5452416712323826e-05
671.0,3.544071167209254e-05
1129.0,3.5353992308338985e-05
2815.0,3.532563012107368e-05
2803.0,3.5318954918205825e-05
1428.0,3.531210831099387e-05
732.0,3.5295534379186876e-05
727.0,3.5288676778897076e-05
739.0,3.52593876858056e-05
1151.0,3.518563336816874e-05
953.0,3.516328343306517e-05
728.0,3.5153239038474684e-05
731.0,3.5105347561228316e-05
729.0,3.5058176666803496e-05
2816.0,3.5055467069408814e-05
1258.0,3.503437574944731e-05
730.0,3.503017996065977e-05
923.0,3.5018572632248005e-05
459.0,3.5005624140913175e-05
1086.0,3.499952291209253e-05
888.0,3.499769935303912e-05
479.0,3.4995358275947124e-05
952.0,3.495719826894853e-05
853.0,3.4944496298244624e-05
3190.0,3.489673715007427e-05
954.0,3.4888503854997765e-05
2817.0,3.482446427799234e-05
2802.0,3.4689353740321824e-05
2818.0,3.4684718295870864e-05
2933.0,3.467408076252764e-05
740.0,3.4672362351224725e-05
652.0,3.4669470130533376e-05
3071.0,3.463644330582053e-05
852.0,3.463535283980678e-05
687.0,3.463298261782702e-05
2932.0,3.4627970129283465e-05
162.0,3.4594040623952086e-05
2819.0,3.454635646417173e-05
345.0,3.4516018291502766e-05
159.0,3.44856777269285e-05
1339.0,3.4469265963172125e-05
854.0,3.442805173277282e-05
681.0,3.440045738731817e-05
480.0,3.437688455126545e-05
2820.0,3.430117264501768e-05
1360.0,3.4282235743310637e-05
951.0,3.425891691758976e-05
2928.0,3.424317797005819e-05
3308.0,3.422965814554358e-05
275.0,3.4221204623109496e-05
2931.0,3.4198870095736604e-05
955.0,3.415562723017753e-05
2828.0,3.4058525704751085e-05
2821.0,3.400593040483325e-05
930.0,3.3992619799768735e-05
1008.0,3.3970057447101257e-05
2801.0,3.394031654912574e-05
741.0,3.388621931141576e-05
2826.0,3.3862606405985636e-05
2825.0,3.385960794758348e-05
458.0,3.385957074926535e-05
2827.0,3.3839446636891716e-05
2824.0,3.383497863185326e-05
2822.0,3.3817363798165744e-05
2823.0,3.3790725954086124e-05
1429.0,3.3788279352405394e-05
481.0,3.376248722615883e-05
2836.0,3.374695684922156e-05
3089.0,3.3633686968898164e-05
1412.0,3.3579550135634514e-05
2922.0,3.357821433165173e-05
1128.0,3.355669775239401e-05
851.0,3.3545690726110814e-05
2835.0,3.354261566195219e-05
3060.0,3.352105505343331e-05
1085.0,3.3436338981260863e-05
2800.0,3.342821967107179e-05
855.0,3.341899909181827e-05
3056.0,3.3388376700405474e-05
2930.0,3.335705588175605e-05
3187.0,3.3343909888788496e-05
2943.0,3.333333501056325e-05
2799.0,3.320925126421316e-05
686.0,3.319825746153639e-05
873.0,3.316771538679428e-05
2657.0,3.312030236391274e-05
482.0,3.309960866065822e-05
950.0,3.306149194954677e-05
2834.0,3.305302154881682e-05
956.0,3.3020805469419474e-05
2798.0,3.3001939826374464e-05
889.0,3.297709208059406e-05
742.0,3.288114389929239e-05
1361.0,3.286058911490132e-05
2842.0,3.2812350971096475e-05
2929.0,3.2797306687827184e-05
2837.0,3.276069448953205e-05
155.0,3.265898211758828e-05
457.0,3.264929898590381e-05
158.0,3.264175339247212e-05
682.0,3.26259055449228e-05
163.0,3.260960447908996e-05
3311.0,3.2593819589048136e-05
2797.0,3.252435908993307e-05
3011.0,3.240266421022413e-05
1338.0,3.23756721996997e-05
2902.0,3.237561333584196e-05
856.0,3.234022280296852e-05
483.0,3.23292204893877e-05
156.0,3.231153450494128e-05
154.0,3.228881974433613e-05
3307.0,3.227501016534536e-05
1105.0,3.216286559584063e-05
664.0,3.215963472753719e-05
685.0,3.214398724692896e-05
3088.0,3.203270741049136e-05
850.0,3.2018369578889076e-05
1007.0,3.1998893432410256e-05
670.0,3.1993361129640044e-05
646.0,3.194761021257422e-05
346.0,3.1922191522867326e-05
1084.0,3.19123527673658e-05
3090.0,3.1807947261286055e-05
931.0,3.180691541719214e-05
922.0,3.179343042682365e-05
1034.0,3.1787765752325846e-05
628.0,3.17611350191563e-05
627.0,3.173906023352866e-05
683.0,3.1733588363687146e-05
629.0,3.169987694028887e-05
647.0,3.166597620502365e-05
2796.0,3.165328418014053e-05
743.0,3.1644335497701375e-05
1430.0,3.1627949071920046e-05
2982.0,3.1623989131439467e-05
684.0,3.161367958016292e-05
630.0,3.160922077818222e-05
153.0,3.160120086477575e-05
957.0,3.158805874737236e-05
626.0,3.156848112821191e-05
1274.0,3.1525373917937703e-05
631.0,3.151989840556592e-05
1127.0,3.150414421107438e-05
792.0,3.148366739994409e-05
632.0,3.144368745471444e-05
857.0,3.144279484195538e-05
456.0,3.143293374766572e-05
625.0,3.14080841703226e-05
1257.0,3.1402661616470914e-05
633.0,3.1382179166488915e-05
484.0,3.138214748314993e-05
2768.0,3.137340434808441e-05
949.0,3.13694989454633e-05
634.0,3.133295955856245e-05
1362.0,3.13230164785855e-05
872.0,3.130559733251979e-05
635.0,3.129199305081227e-05
636.0,3.1253389295589085e-05
637.0,3.120793212283428e-05
645.0,3.119671039140815e-05
638.0,3.1141162974164036e-05
624.0,3.107950700759276e-05
818.0,3.106255551362914e-05
819.0,3.103782563029418e-05
639.0,3.103088706318111e-05
3064.0,3.101822450518735e-05
157.0,3.099890306987226e-05
817.0,3.097876624032379e-05
3055.0,3.091912651196015e-05
820.0,3.0901300588946205e-05
640.0,3.084279100226331e-05
816.0,3.081769734555308e-05
858.0,3.078380002367056e-05
3061.0,3.073811572103355e-05
152.0,3.068146473437645e-05
1431.0,3.067684761756454e-05
821.0,3.0674532578207085e-05
815.0,3.062804418279087e-05
623.0,3.054367065436494e-05
641.0,3.052171495396091e-05
1152.0,3.050673623211308e-05
814.0,3.0455478597751913e-05
1083.0,3.0436866526289543e-05
651.0,3.0430299223925868e-05
2795.0,3.04075921036352e-05
1006.0,3.0406548343009677e-05
822.0,3.03918496537745e-05
849.0,3.0384746039227393e-05
1337.0,3.0359477372026425e-05
3121.0,3.0348277892490152e-05
810.0,3.0342212536582784e-05
813.0,3.032589914214362e-05
859.0,3.0316235035015057e-05
455.0,3.0281682402202698e-05
811.0,3.0250063214882097e-05
812.0,3.024985098307864e-05
744.0,3.0171763847616824e-05
890.0,3.0171502351598592e-05
485.0,3.016929780198255e-05
164.0,3.015078357373045e-05
3072.0,3.0122916952599646e-05
823.0,3.008697886981633e-05
644.0,3.0029818789161384e-05
871.0,3.0020935365014075e-05
958.0,2.9995330108949097e-05
553.0,2.997945712352754e-05
642.0,2.997594810402392e-05
860.0,2.996720839658525e-05
648.0,2.9966090092202765e-05
554.0,2.9958242864675057e-05
1432.0,2.993752122605507e-05
809.0,2.9911432963555577e-05
3122.0,2.9881567562646512e-05
2838.0,2.984684447874451e-05
552.0,2.982043426726709e-05
622.0,2.978570770342928e-05
824.0,2.9783985010309608e-05
1363.0,2.9764776445664225e-05
555.0,2.976184779591917e-05
2920.0,2.973676741223434e-05
861.0,2.9676975901221723e-05
1411.0,2.9598833089313674e-05
2944.0,2.9586457022333583e-05
151.0,2.956738038864145e-05
274.0,2.953388349711257e-05
669.0,2.9532028263130945e-05
825.0,2.9494658315438457e-05
932.0,2.949234325850277e-05
347.0,2.948693876333055e-05
551.0,2.9467927411949053e-05
3120.0,2.946782334848151e-05
665.0,2.9431314659644874e-05
862.0,2.9410582520942037e-05
556.0,2.9396536912979816e-05
3054.0,2.9387542266378456e-05
3186.0,2.935001308744734e-05
454.0,2.9266689704243794e-05
826.0,2.9220045976163274e-05
870.0,2.9217964972865775e-05
948.0,2.920659312849216e-05
863.0,2.9156507079423627e-05
1005.0,2.9118109215822328e-05
2632.0,2.9112710575059708e-05
1126.0,2.910617205962787e-05
2921.0,2.9081169834210268e-05
2633.0,2.9079146723044176e-05
3306.0,2.9060910753113764e-05
643.0,2.9054091564628197e-05
1082.0,2.902810010768995e-05
3123.0,2.898864496281149e-05
1433.0,2.8979772600343153e-05
827.0,2.895065908926829e-05
808.0,2.8949274898331546e-05
2656.0,2.8937952869558808e-05
864.0,2.892062273978184e-05
550.0,2.890967430129611e-05
3091.0,2.8884964341866608e-05
557.0,2.8881618295170088e-05
2631.0,2.886011505285823e-05
2794.0,2.8837442576167346e-05
848.0,2.8810056048098055e-05
426.0,2.8799927792904332e-05
621.0,2.878599954361924e-05
869.0,2.8766318462367935e-05
425.0,2.8762058737642056e-05
865.0,2.8719192586003352e-05
828.0,2.8658728464157505e-05
1443.0,2.8652708918550358e-05
2634.0,2.864508272784509e-05
1732.0,2.8630122969137265e-05
1731.0,2.8603241551833982e-05
1733.0,2.8580995356883447e-05
866.0,2.857338017696043e-05
486.0,2.8568779079740253e-05
427.0,2.8566859900039016e-05
868.0,2.8555546902536137e-05
867.0,2.8507915517873687e-05
745.0,2.8471382867664326e-05
453.0,2.844690904707584e-05
1734.0,2.8442229456943568e-05
424.0,2.844120410010463e-05
1730.0,2.8424406347069414e-05
959.0,2.837929930278552e-05
921.0,2.8363821721636118e-05
1364.0,2.8303941899950806e-05
3053.0,2.8292658117448578e-05
1004.0,2.8278991936242207e-05
1336.0,2.8277657019056792e-05
150.0,2.827714833313366e-05
829.0,2.827227817520332e-05
558.0,2.8251755143632095e-05
1444.0,2.82380779580728e-05
2861.0,2.8219142567500857e-05
1442.0,2.8162411337540742e-05
549.0,2.815745710836077e-05
1735.0,2.8138099358542092e-05
3062.0,2.8093081157233816e-05
3418.0,2.806180215039619e-05
668.0,2.8041256561206963e-05
1256.0,2.8038817526636263e-05
1729.0,2.802273265006423e-05
428.0,2.8021623431304487e-05
3150.0,2.801746808795395e-05
1434.0,2.801595600719959e-05
3149.0,2.8009979224231387e-05
2901.0,2.7997989386202177e-05
3012.0,2.7941254038970164e-05
666.0,2.7923775441173824e-05
1106.0,2.7912905933294595e-05
1003.0,2.7857107090661938e-05
452.0,2.785381339441224e-05
1035.0,2.7831045634195592e-05
423.0,2.7768808969349837e-05
3073.0,2.772202509439215e-05
165.0,2.772015649865519e-05
1081.0,2.7710013768652977e-05
1856.0,2.7627485345650414e-05
830.0,2.761209124925256e-05
1736.0,2.7606324186973686e-05
3082.0,2.760601838451316e-05
559.0,2.755152037971615e-05
620.0,2.7540663990793216e-05
1275.0,2.753761277882138e-05
2882.0,2.753728206509123e-05
3063.0,2.7526693807215466e-05
1002.0,2.751716310005126e-05
667.0,2.7495193408617708e-05
451.0,2.7480680017463923e-05
1728.0,2.742105436911226e-05
2630.0,2.7417032369448046e-05
847.0,2.7320053128647924e-05
910.0,2.7299042393291125e-05
2883.0,2.7298742745401128e-05
2881.0,2.7290080117098856e-05
450.0,2.7286514690258962e-05
909.0,2.7285258966116384e-05
1855.0,2.7271488682007312e-05
1001.0,2.7262065990771977e-05
548.0,2.725978473943253e-05
348.0,2.7232086220720806e-05
449.0,2.7211186789898972e-05
3191.0,2.719333973257122e-05
1435.0,2.7190012999937487e-05
448.0,2.718873156164119e-05
447.0,2.7151505959211148e-05
1000.0,2.709482227495555e-05
1857.0,2.7078238328828617e-05
649.0,2.7067058275420605e-05
429.0,2.7057772296949708e-05
933.0,2.703017968286459e-05
446.0,2.7030124739321422e-05
1365.0,2.702625690976074e-05
999.0,2.69930330630261e-05
908.0,2.6989758172612225e-05
3417.0,2.6988656180277574e-05
1445.0,2.693552581065003e-05
911.0,2.6906414466915913e-05
3081.0,2.689935354501885e-05
998.0,2.687669033408986e-05
2793.0,2.686791102210636e-05
1441.0,2.6848927369380267e-05
960.0,2.6845620280688186e-05
560.0,2.68261174047224e-05
1737.0,2.6819079014183937e-05
2635.0,2.6806770873163602e-05
445.0,2.6757324119888482e-05
1727.0,2.668406573180492e-05
791.0,2.66263695132718e-05
947.0,2.662284536967057e-05
2880.0,2.661415611990908e-05
2769.0,2.6614045586388088e-05
997.0,2.6603227818346886e-05
422.0,2.6602898716895605e-05
1153.0,2.6598361567113887e-05
746.0,2.656914300614698e-05
2884.0,2.656460582392491e-05
907.0,2.6532664419524257e-05
1436.0,2.6522449640955038e-05
1080.0,2.6504827575073143e-05
3140.0,2.6499982429045167e-05
891.0,2.6427334277325326e-05
487.0,2.6421553310361467e-05
3141.0,2.6396344584334532e-05
547.0,2.629187707119314e-05
1125.0,2.628311429308414e-05
444.0,2.6275400118014694e-05
831.0,2.626988742340276e-05
3092.0,2.6116541541290583e-05
561.0,2.611027733063612e-05
421.0,2.6100694744299563e-05
619.0,2.6084490495983588e-05
1159.0,2.60457963356577e-05
912.0,2.603745969164061e-05
996.0,2.60135235485473e-05
1879.0,2.6008395343278933e-05
906.0,2.599468710497252e-05
1335.0,2.599408730251472e-05
1877.0,2.598533144819531e-05
1878.0,2.5960732959594516e-05
1410.0,2.596028537940262e-05
1437.0,2.5950432435737745e-05
1366.0,2.593989887135552e-05
2945.0,2.592685854910307e-05
1865.0,2.5924783474080583e-05
1858.0,2.590174756741235e-05
1876.0,2.5894556117934553e-05
420.0,2.5884011732525763e-05
846.0,2.58694587083517e-05
3425.0,2.5859854406824043e-05
1726.0,2.582447949161905e-05
2841.0,2.58179785482875e-05
1854.0,2.5792772981641212e-05
389.0,2.578721981325438e-05
1738.0,2.5749069493181744e-05
3124.0,2.5738258140980393e-05
3162.0,2.569881909771326e-05
390.0,2.5691513767421752e-05
3074.0,2.5647706666583276e-05
1846.0,2.5646153283050188e-05
166.0,2.562253098842162e-05
1160.0,2.558889916669284e-05
388.0,2.5588849266729823e-05
3087.0,2.555563658331082e-05
443.0,2.5537531407002593e-05
2879.0,2.5519453373727745e-05
430.0,2.547553156994404e-05
1900.0,2.5468784417036816e-05
961.0,2.5459298832452227e-05
2885.0,2.5446671849964266e-05
3151.0,2.5437649928902987e-05
1079.0,2.5428688562573022e-05
562.0,2.542117335206551e-05
1866.0,2.5419319886922322e-05
905.0,2.541113014413799e-05
2655.0,2.540378914000312e-05
3052.0,2.5395568476167835e-05
1438.0,2.5390022721187324e-05
2839.0,2.5386316402604103e-05
1899.0,2.5381630051880134e-05
3236.0,2.5356692744634787e-05
1875.0,2.5353250078761023e-05
546.0,2.5333089479038816e-05
387.0,2.528681493214148e-05
419.0,2.5267812078635877e-05
2981.0,2.5247537268243137e-05
650.0,2.5207333971837725e-05
3235.0,2.517869882938248e-05
920.0,2.517860723676638e-05
349.0,2.5159458578221702e-05
1255.0,2.51318375081604e-05
391.0,2.512062935360736e-05
1880.0,2.50781840081668e-05
1864.0,2.5063884373594502e-05
1614.0,2.506039418924317e-05
995.0,2.5008344840306018e-05
1901.0,2.500299958404666e-05
386.0,2.5000520892294848e-05
1367.0,2.4992542938551127e-05
1036.0,2.4954039236571713e-05
1615.0,2.4949991458984127e-05
502.0,2.4938776987962936e-05
1910.0,2.4937694712240004e-05
1898.0,2.491507102117009e-05
1440.0,2.4904330788676003e-05
1847.0,2.4887068799374916e-05
1446.0,2.4874114212309992e-05
1725.0,2.484653346188868e-05
1158.0,2.4830515621113173e-05
3419.0,2.4822290964683334e-05
503.0,2.4809365892846328e-05
904.0,2.4783953023142102e-05
1439.0,2.4769696688143414e-05
385.0,2.4769444701964007e-05
2598.0,2.4763260359261372e-05
563.0,2.4762044414827408e-05
1886.0,2.4761827139722108e-05
913.0,2.4738074081982488e-05
3163.0,2.4673432138966625e-05
1885.0,2.4660952702129234e-05
501.0,2.4595164668090142e-05
384.0,2.4584662923953694e-05
1874.0,2.4529867080052698e-05
1037.0,2.4528480155347502e-05
3083.0,2.452598506718183e-05
747.0,2.4514952564029577e-05
618.0,2.4496578714209357e-05
442.0,2.4496528355323875e-05
1078.0,2.4491304773093942e-05
3148.0,2.4446706738901833e-05
545.0,2.4440377983804192e-05
2792.0,2.443474148646468e-05
383.0,2.4425153203736705e-05
3119.0,2.4404204429843224e-05
934.0,2.440328831691695e-05
1724.0,2.4399035658230737e-05
845.0,2.438772919081237e-05
2629.0,2.4359877334950977e-05
1739.0,2.4331150131589348e-05
2599.0,2.4302454312466393e-05
1859.0,2.4301538490936933e-05
382.0,2.427691909355122e-05
1845.0,2.4256505404868838e-05
962.0,2.424766741778882e-05
1897.0,2.420243123594781e-05
1368.0,2.415181258973927e-05
564.0,2.413513505511168e-05
381.0,2.4131517510132095e-05
504.0,2.4123021987920236e-05
273.0,2.4120706032992595e-05
1708.0,2.411636961001669e-05
2886.0,2.4108038543814174e-05
1911.0,2.4101455681158285e-05
903.0,2.4096480887614158e-05
1884.0,2.4094023065611693e-05
1909.0,2.4093123134591446e-05
3237.0,2.407436306343805e-05
1707.0,2.4060456436278076e-05
2900.0,2.4053718134325303e-05
392.0,2.40285384462511e-05
1887.0,2.4015594701155552e-05
418.0,2.400122736703215e-05
2878.0,2.399928212594193e-05
1276.0,2.399776018743296e-05
1723.0,2.398891534748982e-05
380.0,2.397584928682994e-05
167.0,2.3939124513867694e-05
994.0,2.392938536263072e-05
500.0,2.391982667941635e-05
1902.0,2.3907762825761806e-05
1863.0,2.387283613090398e-05
379.0,2.378887344692398e-05
1881.0,2.378558748427688e-05
1709.0,2.377902968912577e-05
3139.0,2.3778271430693394e-05
1706.0,2.3748402957820035e-05
1038.0,2.374495698789408e-05
2791.0,2.3725492906807063e-05
946.0,2.371353006652899e-05
3043.0,2.370885819223054e-05
1077.0,2.369356478180293e-05
1867.0,2.3675572592250405e-05
1616.0,2.3668467488478976e-05
1873.0,2.3641960469153703e-05
544.0,2.362142931597824e-05
3161.0,2.360049763609307e-05
1833.0,2.3564873022440723e-05
1883.0,2.3559566051427705e-05
1613.0,2.3556129956875945e-05
488.0,2.3554944594253766e-05
378.0,2.355489425985612e-05
565.0,2.3552991759245777e-05
1862.0,2.353907717665608e-05
1853.0,2.352874519038951e-05
1334.0,2.3521333093819505e-05
1834.0,2.3499625822788102e-05
832.0,2.3484837776295038e-05
1698.0,2.346139627295154e-05
2597.0,2.345394164808048e-05
1369.0,2.3452545123020137e-05
1852.0,2.3451344065765045e-05
1882.0,2.3448517670419507e-05
1161.0,2.3439998001765942e-05
1107.0,2.3420333636766346e-05
790.0,2.3354031568630763e-05
246.0,2.3351890897848018e-05
1697.0,2.3340388734434633e-05
1722.0,2.3332692128614932e-05
902.0,2.332106010633802e-05
1705.0,2.3320658543155602e-05
1717.0,2.330364923590882e-05
245.0,2.33033213196982e-05
1699.0,2.3297505796702885e-05
1851.0,2.3295588883226284e-05
1718.0,2.3295290645184287e-05
377.0,2.3294028378568322e-05
247.0,2.3291441513990984e-05
1896.0,2.3284780677760592e-05
3086.0,2.3254574529549503e-05
350.0,2.3252999999946216e-05
1835.0,2.3227929682349147e-05
244.0,2.3222040146287555e-05
1715.0,2.322030039862116e-05
963.0,2.3202642884674172e-05
914.0,2.319878966839371e-05
1719.0,2.3186669564791908e-05
3386.0,2.318025821661557e-05
1850.0,2.3177972409283837e-05
243.0,2.314044752944601e-05
1716.0,2.313117953577927e-05
1861.0,2.3129450735246736e-05
1710.0,2.3124823426117836e-05
441.0,2.3090516844215545e-05
3238.0,2.308740639736735e-05
1714.0,2.308657610401005e-05
376.0,2.3082993455249435e-05
1696.0,2.3079360861380464e-05
1836.0,2.307833173641259e-05
3085.0,2.3060472531672353e-05
242.0,2.3059987444045497e-05
3013.0,2.3056364423466563e-05
499.0,2.3047989261213584e-05
1720.0,2.3039461341098997e-05
566.0,2.303714536576719e-05
1076.0,2.3019724504670536e-05
901.0,2.301925655394811e-05
3080.0,2.301554020210185e-05
2538.0,2.3014559741283628e-05
1124.0,2.3004073556695605e-05
248.0,2.2998198609534976e-05
241.0,2.2968894173427638e-05
431.0,2.2946783119206703e-05
1370.0,2.294461427366695e-05
3305.0,2.2926738393947484e-05
1622.0,2.2916542019803052e-05
1482.0,2.291265132167579e-05
1849.0,2.2906230920099463e-05
505.0,2.2898860482475048e-05
3142.0,2.2896910303537745e-05
1721.0,2.289202880065617e-05
1700.0,2.2885152549038643e-05
993.0,2.288390808775258e-05
617.0,2.288109484328057e-05
1872.0,2.2874098748679743e-05
375.0,2.286740043815008e-05
240.0,2.2857156543441856e-05
1704.0,2.285642942255303e-05
3104.0,2.283202601610943e-05
1409.0,2.2830230777782745e-05
1695.0,2.282956041063184e-05
1039.0,2.2829355491570826e-05
543.0,2.282659256112526e-05
3416.0,2.2815843663230674e-05
3103.0,2.280372877568819e-05
844.0,2.2801132805832094e-05
900.0,2.27812383590003e-05
407.0,2.2776965032210708e-05
1481.0,2.2776573871630246e-05
1254.0,2.277570348154544e-05
1623.0,2.2752241091507477e-05
1621.0,2.2751150920525324e-05
3042.0,2.274824531912822e-05
1154.0,2.2737499655217723e-05
3093.0,2.2726421265864513e-05
239.0,2.272258755150839e-05
2642.0,2.2721209197951325e-05
406.0,2.2710807305393625e-05
1713.0,2.2703320485942417e-05
1860.0,2.2682502873528237e-05
1837.0,2.266961844638042e-05
2636.0,2.2640261562009106e-05
2887.0,2.263480770742485e-05
919.0,2.263158445445558e-05
2654.0,2.2629290897976656e-05
1371.0,2.261378090562094e-05
2641.0,2.2611278256485308e-05
567.0,2.2605102549288998e-05
1694.0,2.2604981626550846e-05
168.0,2.260370317989984e-05
1868.0,2.2595048707505307e-05
1483.0,2.258363028675559e-05
238.0,2.2568237001824763e-05
393.0,2.2565933166793293e-05
1711.0,2.252988360802457e-05
408.0,2.2520851387718495e-05
1832.0,2.2515851437942195e-05
1848.0,2.250971230273671e-05
1947.0,2.2508278232172604e-05
2643.0,2.249231445887468e-05
1372.0,2.2489550686662413e-05
1740.0,2.2476675516013193e-05
899.0,2.2471192169766068e-05
1701.0,2.246059484394382e-05
1703.0,2.2457277020401605e-05
3185.0,2.245715398288369e-05
1075.0,2.2431067005552368e-05
2537.0,2.2430957840515454e-05
2946.0,2.242227131702972e-05
568.0,2.2417980232635457e-05
1373.0,2.241563921854732e-05
237.0,2.239690166603382e-05
1620.0,2.2390636200081068e-05
1712.0,2.2389331204649503e-05
1912.0,2.2387811086234906e-05
748.0,2.2382619295783746e-05
3385.0,2.236649865520163e-05
1913.0,2.2366009419766053e-05
1871.0,2.236073479894744e-05
569.0,2.2333927433428152e-05
1888.0,2.233099913431638e-05
405.0,2.233075639690781e-05
1617.0,2.233070154405897e-05
1693.0,2.2320169295224015e-05
3098.0,2.2318921567621208e-05
249.0,2.2311609759528118e-05
1447.0,2.2302375815911212e-05
1702.0,2.2287996653057682e-05
539.0,2.2280288242042156e-05
964.0,2.227811215389993e-05
1903.0,2.2276049500627177e-05
1946.0,2.226655886047415e-05
1480.0,2.226443764009562e-05
1869.0,2.2262031209493748e-05
540.0,2.226181845126484e-05
570.0,2.2258541152263865e-05
1374.0,2.2254036899528528e-05
236.0,2.2208749481798653e-05
541.0,2.2181035579637394e-05
538.0,2.2176167363632836e-05
571.0,2.216579970503648e-05
1211.0,2.216400806200223e-05
1870.0,2.2162664535953316e-05
1895.0,2.2161643433302895e-05
2877.0,2.2127050586833625e-05
2640.0,2.2114766063412658e-05
1212.0,2.2100721667944033e-05
542.0,2.2100340114010305e-05
1210.0,2.20979572403343e-05
1328.0,2.209017269828839e-05
1624.0,2.2076869675300884e-05
1327.0,2.2074356776678936e-05
2770.0,2.2061267541132038e-05
3234.0,2.2059619364147e-05
498.0,2.2058180793093137e-05
572.0,2.2056221369659305e-05
1375.0,2.2044940370263908e-05
898.0,2.203499375717369e-05
417.0,2.2013705664858498e-05
235.0,2.2003878836987896e-05
3099.0,2.199867871710298e-05
1692.0,2.195050279565586e-05
3102.0,2.1949228603945394e-05
1619.0,2.194873260714602e-05
3105.0,2.1947304543809477e-05
1040.0,2.1945366210191113e-05
1157.0,2.1942028099542483e-05
573.0,2.1941779087734636e-05
409.0,2.1935683927333454e-05
1914.0,2.193146327710099e-05
537.0,2.190890825579438e-05
1213.0,2.1906093068058143e-05
1209.0,2.190072790468402e-05
2539.0,2.1890183087860396e-05
351.0,2.1873908369162894e-05
1074.0,2.1871979032680218e-05
2790.0,2.1860275561416605e-05
574.0,2.1824134130702035e-05
1376.0,2.181422376350774e-05
1484.0,2.1797962873532268e-05
892.0,2.1789697376387192e-05
234.0,2.1786989921319868e-05
1618.0,2.1768782950169642e-05
915.0,2.1727972125084824e-05
2480.0,2.172461407900058e-05
992.0,2.1712280498377297e-05
575.0,2.168570515184337e-05
404.0,2.165645499965355e-05
1326.0,2.1651894908011153e-05
1176.0,2.1636559196650035e-05
935.0,2.1635826626662918e-05
3075.0,2.1621679371507918e-05
3084.0,2.1615000610887245e-05
1175.0,2.160107673936434e-05
1908.0,2.1599792853478123e-05
1691.0,2.1590425650838874e-05
1214.0,2.1581636498477824e-05
2644.0,2.1575149966440144e-05
1329.0,2.1574429976940433e-05
1831.0,2.1572380799176923e-05
3179.0,2.1571114143760233e-05
1208.0,2.1570899802062987e-05
233.0,2.156993696331197e-05
1377.0,2.1553977300026718e-05
3181.0,2.1514015056713503e-05
1479.0,2.1507686672833177e-05
1177.0,2.1502380609819515e-05
576.0,2.1500244005514162e-05
169.0,2.1486841556479834e-05
2600.0,2.1475585395771808e-05
536.0,2.1474493444727236e-05
374.0,2.1466841123074573e-05
3180.0,2.1441377571741403e-05
2481.0,2.1437848154380806e-05
2563.0,2.142903469333646e-05
897.0,2.139912000619545e-05
1174.0,2.1390167397469516e-05
965.0,2.1387674951717645e-05
2562.0,2.1382866166172904e-05
1844.0,2.1379360465739743e-05
232.0,2.1369838885303428e-05
3387.0,2.136048443172638e-05
1838.0,2.1349301616807988e-05
789.0,2.1347012646769476e-05
1915.0,2.1344439336991172e-05
3239.0,2.1338367861046425e-05
616.0,2.1334121355358016e-05
1690.0,2.1327819296651106e-05
1073.0,2.1288917389137824e-05
2596.0,2.127429081492844e-05
506.0,2.1264048856468284e-05
1178.0,2.1260544073459184e-05
3178.0,2.1256233030283446e-05
577.0,2.1251737457034733e-05
1378.0,2.1245818845502174e-05
440.0,2.124020065867673e-05
3100.0,2.123100492138505e-05
3101.0,2.122030725003324e-05
231.0,2.1203940055474717e-05
2862.0,2.1184715992506057e-05
3106.0,2.117449412178803e-05
1215.0,2.114592605802801e-05
1689.0,2.1131404373579487e-05
1041.0,2.112693368919881e-05
1207.0,2.1113579884695132e-05
230.0,2.1084093746827074e-05
250.0,2.107638555240755e-05
1839.0,2.107487702305842e-05
3097.0,2.1047103203648007e-05
843.0,2.1043785565633134e-05
1173.0,2.1023784838348244e-05
2888.0,2.10231431406208e-05
229.0,2.1012938257230605e-05
1325.0,2.10115009879138e-05
410.0,2.100197248833865e-05
394.0,2.1001937202112843e-05
1179.0,2.099992534080591e-05
1891.0,2.099920903118603e-05
918.0,2.0992123795050167e-05
228.0,2.0982306495098778e-05
227.0,2.0974340871779235e-05
1333.0,2.097395805268468e-05
226.0,2.0966195527199133e-05
1625.0,2.0958226747751324e-05
497.0,2.0953709077694616e-05
578.0,2.0945681814952377e-05
225.0,2.0937885161129824e-05
1688.0,2.092757389720282e-05
535.0,2.0901988251726718e-05
1253.0,2.0900106419371118e-05
1277.0,2.089996730164396e-05
1379.0,2.0894612470796566e-05
224.0,2.0879966207939223e-05
1894.0,2.0873603849274838e-05
1830.0,2.0853017610730957e-05
3044.0,2.0841984431736956e-05
352.0,2.0805000591343545e-05
1681.0,2.0798164168332736e-05
3096.0,2.0796635077437303e-05
223.0,2.079647772407916e-05
1916.0,2.0796129148076553e-05
1682.0,2.079251034138592e-05
3094.0,2.0790680716745066e-05
1683.0,2.079016298447089e-05
1180.0,2.077426251106101e-05
1680.0,2.077191688274779e-05
3095.0,2.0771559417805605e-05
1684.0,2.076628711531605e-05
1633.0,2.076500593465047e-05
210.0,2.0754055224522585e-05
1206.0,2.074740712861786e-05
211.0,2.0744683703786477e-05
1840.0,2.074308779535138e-05
3213.0,2.073979612031222e-05
1687.0,2.073959371731661e-05
2639.0,2.073163708879228e-05
403.0,2.072728004958691e-05
2628.0,2.0719779821938485e-05
1890.0,2.071878323570759e-05
209.0,2.0713926662699407e-05
1632.0,2.070116489714675e-05
222.0,2.0701102390798975e-05
1685.0,2.0699787204661973e-05
212.0,2.0693511733788838e-05
1679.0,2.0682010500694467e-05
916.0,2.06782951525102e-05
1612.0,2.0675515397832822e-05
1485.0,2.0667523183414686e-05
1686.0,2.0659641456480045e-05
2899.0,2.0653081084618695e-05
1072.0,2.0649381495287948e-05
945.0,2.0646192067334678e-05
1216.0,2.0635159229000646e-05
1478.0,2.0632964707182517e-05
208.0,2.0628649521231792e-05
3107.0,2.0620797701522285e-05
213.0,2.0617379202391116e-05
3312.0,2.0612095769580524e-05
221.0,2.060927987743373e-05
579.0,2.0606698439826698e-05
2840.0,2.0593214893484e-05
1181.0,2.0576232474996296e-05
1678.0,2.056228563001681e-05
1634.0,2.0559032243883884e-05
214.0,2.053684675181875e-05
1380.0,2.0531755998116563e-05
220.0,2.0531655846518733e-05
207.0,2.051302167009385e-05
1172.0,2.0507199342748013e-05
1330.0,2.0496671636386286e-05
991.0,2.0473230774862516e-05
219.0,2.047273522079359e-05
215.0,2.0470348732599315e-05
3152.0,2.046303359733379e-05
1677.0,2.046244544386927e-05
896.0,2.0461734835377913e-05
170.0,2.0459102611918015e-05
3164.0,2.0454070132067764e-05
218.0,2.0434132551091618e-05
216.0,2.0429670747331226e-05
3319.0,2.0422646255461534e-05
217.0,2.0418410021523007e-05
966.0,2.0410793530383356e-05
206.0,2.038610788855577e-05
1631.0,2.0379383837767457e-05
1205.0,2.0374823709933068e-05
1676.0,2.0374505637500933e-05
1182.0,2.0363253767355075e-05
917.0,2.0362981183198657e-05
1904.0,2.0352878422851295e-05
1917.0,2.0352853117715294e-05
1892.0,2.034620501988393e-05
1324.0,2.031279062991568e-05
788.0,2.0282656626800465e-05
1652.0,2.027342573763505e-05
1626.0,2.0270001212020075e-05
1042.0,2.026897788497188e-05
580.0,2.0268110705507722e-05
2564.0,2.0264980600538318e-05
205.0,2.026378559033516e-05
749.0,2.025905639065303e-05
1675.0,2.0258094622792767e-05
1408.0,2.025258639035808e-05
1653.0,2.024217743297093e-05
534.0,2.0236686190554973e-05
1889.0,2.0229634720622055e-05
1643.0,2.0216867290343686e-05
3108.0,2.0208302081266187e-05
2653.0,2.0206407710461843e-05
1635.0,2.020341783119562e-05
3109.0,2.019405662454495e-05
1651.0,2.018913916565205e-05
1381.0,2.0188130337310982e-05
1627.0,2.0187244125872612e-05
1948.0,2.017967235846881e-05
1642.0,2.017899428625215e-05
787.0,2.017657558822681e-05
1661.0,2.0169130821131346e-05
1660.0,2.0159818032344467e-05
3320.0,2.0155814841618678e-05
204.0,2.01547298878802e-05
1741.0,2.0152644827473162e-05
1644.0,2.0142035814193924e-05
1654.0,2.01336825119275e-05
1217.0,2.0128550576535092e-05
1674.0,2.0122058817651123e-05
1659.0,2.0113263734185026e-05
1662.0,2.0095291343701815e-05
1183.0,2.009025940898595e-05
1658.0,2.0069761537829772e-05
203.0,2.006201636096527e-05
2876.0,2.0059661689374407e-05
1650.0,2.005658352106239e-05
1645.0,2.004883969752418e-05
786.0,2.0043734317909726e-05
1655.0,2.0041986186256132e-05
1162.0,2.0036835762101665e-05
1657.0,2.003563547450981e-05
2479.0,2.0026826985096404e-05
1673.0,2.00259176559356e-05
1656.0,2.0015901617225453e-05
2980.0,2.0015089982586328e-05
1641.0,2.0003253833526682e-05
1384.0,1.999963721235602e-05
1385.0,1.9998297041210507e-05
1646.0,1.999827562189487e-05
1672.0,1.9994337513841327e-05
202.0,1.9987697479189995e-05
1628.0,1.998474636969694e-05
1671.0,1.99787687916527e-05
1647.0,1.9977330025617093e-05
3384.0,1.9972742772032534e-05
1649.0,1.997227232704969e-05
1957.0,1.99710491974501e-05
581.0,1.996191596197306e-05
1648.0,1.9960270797913165e-05
1383.0,1.99514126205479e-05
1071.0,1.994765247971337e-05
1663.0,1.9946067137579755e-05
2217.0,1.9943876732878048e-05
201.0,1.9935420108598162e-05
353.0,1.993474449002651e-05
1918.0,1.993281853720309e-05
2947.0,1.9931947906867534e-05
1670.0,1.9923637768565317e-05
197.0,1.9923404428642237e-05
1218.0,1.9921885354165582e-05
1204.0,1.9920475733261086e-05
615.0,1.9916476596653185e-05
198.0,1.9915722711127205e-05
1386.0,1.9910393526147325e-05
1630.0,1.9908840037590696e-05
200.0,1.9908458104151645e-05
196.0,1.9908395119205603e-05
3125.0,1.9908060051871644e-05
199.0,1.9905129217711533e-05
1382.0,1.989936857299539e-05
1636.0,1.9859850255923893e-05
195.0,1.985337682189044e-05
489.0,1.9849503038245098e-05
1669.0,1.983259710742442e-05
1171.0,1.983171562682296e-05
2569.0,1.9829248270624263e-05
2536.0,1.9826101140431062e-05
1664.0,1.9789389600398644e-05
1640.0,1.9769686762753806e-05
194.0,1.9748720972928444e-05
1668.0,1.9746704281004633e-05
1477.0,1.9733073197736926e-05
1387.0,1.9728453302569185e-05
3355.0,1.9723868679396733e-05
1184.0,1.9718060939119056e-05
1629.0,1.9714560310758892e-05
582.0,1.9711861059274624e-05
3336.0,1.9701301278635344e-05
1665.0,1.9691776798889906e-05
1667.0,1.969003329841042e-05
496.0,1.967075853666256e-05
411.0,1.9668230549051335e-05
1666.0,1.966652958919469e-05
3160.0,1.9665744924402255e-05
785.0,1.966230098293209e-05
3354.0,1.9660853932298928e-05
1637.0,1.9629025179807463e-05
1956.0,1.9612530012599267e-05
402.0,1.960825657281211e-05
193.0,1.959675398158173e-05
1639.0,1.9592513085703446e-05
395.0,1.958505457404986e-05
1323.0,1.958390025239202e-05
3273.0,1.958198174875586e-05
1829.0,1.9581856551124765e-05
1841.0,1.9581278414339558e-05
1219.0,1.9579890020235768e-05
416.0,1.957970124997507e-05
1893.0,1.955585866030982e-05
1638.0,1.9539734527396403e-05
1448.0,1.9533313868012087e-05
3214.0,1.9531478517581503e-05
3335.0,1.9527785628225094e-05
583.0,1.9526639171681768e-05
533.0,1.9524007143651506e-05
2561.0,1.9518218403081748e-05
2645.0,1.9488999629848875e-05
1388.0,1.9481145021655013e-05
3182.0,1.9436410518212748e-05
171.0,1.9430666146235807e-05
1170.0,1.9413674261702253e-05
192.0,1.941338140796237e-05
507.0,1.940836751613315e-05
432.0,1.940274624486164e-05
1203.0,1.940102557688319e-05
584.0,1.9392466084717313e-05
3110.0,1.9388391207819897e-05
1919.0,1.9387751126001813e-05
1123.0,1.9343939412538374e-05
1945.0,1.9338539100372782e-05
1486.0,1.932313906586783e-05
1252.0,1.9321866419073937e-05
3394.0,1.9312077479504834e-05
2218.0,1.9310705791344385e-05
3051.0,1.9308167292654216e-05
2889.0,1.9291837351647583e-05
585.0,1.9270847556698693e-05
1307.0,1.925316061366819e-05
1155.0,1.9247471883407702e-05
251.0,1.9237940445778573e-05
191.0,1.9224445340880906e-05
990.0,1.9221823409931765e-05
1389.0,1.9218612808011947e-05
1308.0,1.921648654556845e-05
1185.0,1.921616907002629e-05
967.0,1.9214877960192034e-05
1043.0,1.9198471155714732e-05
1070.0,1.919660257478605e-05
354.0,1.9132699303996592e-05
2540.0,1.9110733376076252e-05
1306.0,1.9109357504444887e-05
586.0,1.9107875076968907e-05
1108.0,1.9091115689953264e-05
895.0,1.908770463371327e-05
1843.0,1.9075908983311323e-05
842.0,1.9066682502200812e-05
190.0,1.9055898724151356e-05
2568.0,1.9023388262966317e-05
1169.0,1.8997444805278877e-05
1220.0,1.8992625654234025e-05
1390.0,1.8989415582700838e-05
1309.0,1.892725129476996e-05
189.0,1.8921552893599604e-05
1331.0,1.8917278479774304e-05
1465.0,1.88769290153448e-05
784.0,1.886592404018026e-05
1476.0,1.8854633158375572e-05
439.0,1.885420871614942e-05
587.0,1.8853905155193796e-05
1305.0,1.884924048602466e-05
1202.0,1.8844943315920027e-05
936.0,1.882759534033906e-05
1391.0,1.8823850302717352e-05
3041.0,1.8821677137641404e-05
2570.0,1.882102938671124e-05
188.0,1.8815386400696326e-05
532.0,1.8797655336518816e-05
1842.0,1.8790115030230232e-05
1464.0,1.8767509738086015e-05
1322.0,1.876246179471546e-05
1466.0,1.8762074285689437e-05
272.0,1.8753737081560224e-05
1392.0,1.872958017300829e-05
1395.0,1.8722910988757935e-05
1396.0,1.872125076570318e-05
187.0,1.871352984652375e-05
2595.0,1.8713419165363442e-05
1394.0,1.8703871356693634e-05
1393.0,1.8696590795634523e-05
3177.0,1.8689560670028407e-05
2789.0,1.8682014242722817e-05
1397.0,1.8671812445215688e-05
1920.0,1.865231834768074e-05
614.0,1.8642275182888655e-05
1934.0,1.8625327999514e-05
833.0,1.8588212150046017e-05
2948.0,1.8587234590729444e-05
1186.0,1.8585234443487653e-05
186.0,1.8584786124735973e-05
1398.0,1.856456909097723e-05
1933.0,1.855788270381251e-05
2216.0,1.8555157879508496e-05
1905.0,1.853993470599629e-05
1935.0,1.8511343215915757e-05
2565.0,1.8509879632476364e-05
2343.0,1.8509638954073226e-05
3318.0,1.8501446845067036e-05
1168.0,1.8496226348035483e-05
1304.0,1.8490166629947485e-05
588.0,1.848334943495771e-05
396.0,1.8464539051162304e-05
1463.0,1.845952678463265e-05
2771.0,1.845939501514545e-05
1069.0,1.841655212650859e-05
3424.0,1.8409528036967097e-05
1399.0,1.840803801280694e-05
1302.0,1.840614509900179e-05
185.0,1.8403904391729844e-05
3014.0,1.839596847316251e-05
1467.0,1.838943020360658e-05
3337.0,1.8388621631903322e-05
401.0,1.838620798350298e-05
1332.0,1.8376401503952645e-05
172.0,1.8369498978924778e-05
1921.0,1.8362876508128896e-05
3207.0,1.8359708713569637e-05
1958.0,1.835578878067095e-05
1310.0,1.8341753541099957e-05
1932.0,1.833290142803103e-05
1301.0,1.828762503454822e-05
1936.0,1.828721096896773e-05
1922.0,1.828197750439085e-05
1201.0,1.825903545804018e-05
1907.0,1.824280885891862e-05
1303.0,1.823760561409519e-05
750.0,1.8224391989799764e-05
1400.0,1.821498998252156e-05
1278.0,1.8196124268848755e-05
1407.0,1.819105903566966e-05
3138.0,1.8167650624740384e-05
184.0,1.816148963415438e-05
1931.0,1.8146725966524937e-05
1221.0,1.8109503666321156e-05
3420.0,1.8108226618542566e-05
495.0,1.809998482994622e-05
1930.0,1.8077983953170836e-05
355.0,1.8075086539747393e-05
531.0,1.80700280449341e-05
3395.0,1.8053547374515744e-05
1765.0,1.8022059394903653e-05
1828.0,1.8017295633196892e-05
1475.0,1.8007612716280994e-05
2482.0,1.8005610629275298e-05
589.0,1.800224096106697e-05
3408.0,1.8001994146117634e-05
2638.0,1.799595102547311e-05
1462.0,1.7987486694638932e-05
1401.0,1.7984791432508097e-05
1937.0,1.7977894426672393e-05
989.0,1.7973224552308316e-05
412.0,1.7950949290439285e-05
2875.0,1.7950339579650118e-05
1300.0,1.7908352053014588e-05
1929.0,1.78993212898045e-05
1187.0,1.7877775498379592e-05
1251.0,1.78741652258735e-05
1167.0,1.787394854353039e-05
183.0,1.7867328400924574e-05
1764.0,1.7861994966563184e-05
2344.0,1.786125250782621e-05
2342.0,1.784589803895937e-05
1321.0,1.7841650565156868e-05
3208.0,1.7818787206938322e-05
1487.0,1.7805092105450816e-05
2898.0,1.780107150692864e-05
1955.0,1.778642041936169e-05
3113.0,1.7784552604274522e-05
1943.0,1.7777073713326353e-05
1044.0,1.7772482541104668e-05
1312.0,1.775211126334259e-05
1468.0,1.771331507505524e-05
1942.0,1.771208827328891e-05
3321.0,1.77117081982487e-05
2575.0,1.7703834102848527e-05
1402.0,1.7700171031714622e-05
968.0,1.769659131479372e-05
3393.0,1.7694959731932517e-05
397.0,1.769313916573118e-05
944.0,1.7668946594679994e-05
3114.0,1.766696381547542e-05
1817.0,1.763988987869742e-05
1068.0,1.7630351153660124e-05
1200.0,1.762584984375512e-05
2627.0,1.7619045284415454e-05
3079.0,1.7609582306128914e-05
1938.0,1.759947288404671e-05
1311.0,1.7597088747523627e-05
2890.0,1.755589148079577e-05
1313.0,1.7555556582480097e-05
783.0,1.754636562372532e-05
182.0,1.75461296296574e-05
2574.0,1.7524618077697337e-05
508.0,1.7514002508710564e-05
613.0,1.747945461618154e-05
1763.0,1.7463158284257197e-05
1165.0,1.7445253478440657e-05
1742.0,1.7445229457627683e-05
590.0,1.744187211524552e-05
1928.0,1.742221765114853e-05
3112.0,1.7404700567367323e-05
1461.0,1.7400833425751832e-05
1941.0,1.738702605830957e-05
400.0,1.7370568578707968e-05
2478.0,1.7366410832276167e-05
1299.0,1.7347509745628098e-05
3233.0,1.73422352543776e-05
1403.0,1.7338752302082123e-05
530.0,1.7326617230078724e-05
1906.0,1.731553444685883e-05
3115.0,1.7312639244832638e-05
173.0,1.729947467265401e-05
1939.0,1.7271471635149827e-05
398.0,1.726720920126125e-05
3415.0,1.724376025744274e-05
1156.0,1.7243645229399868e-05
1923.0,1.7232926829100887e-05
1166.0,1.722724749293181e-05
181.0,1.7226431612052916e-05
1944.0,1.7207159482622024e-05
1529.0,1.7198703313493806e-05
3131.0,1.7182420722655894e-05
1474.0,1.7182347476203287e-05
1940.0,1.7180328640222967e-05
1188.0,1.71773749940761e-05
399.0,1.7165959946962566e-05
3334.0,1.7165382462973058e-05
3147.0,1.714825820096941e-05
894.0,1.7138016766735804e-05
1766.0,1.713654920783484e-05
415.0,1.7113471997419343e-05
1055.0,1.711075068402033e-05
1314.0,1.710653832419857e-05
2782.0,1.7097507086082457e-05
2949.0,1.7082950295774617e-05
3338.0,1.7062658032542694e-05
2000.0,1.703912727267007e-05
1054.0,1.7027371863833134e-05
1528.0,1.702474444230285e-05
2219.0,1.7021150652925412e-05
1222.0,1.6982763321601213e-05
1762.0,1.698146593547536e-05
529.0,1.6974035357721593e-05
252.0,1.6950559167960976e-05
1199.0,1.6944141344115217e-05
1320.0,1.6939187406074994e-05
3132.0,1.6936574565944646e-05
180.0,1.6925995463025126e-05
373.0,1.6920211491165588e-05
1816.0,1.6905909952635155e-05
3304.0,1.689182360234657e-05
1404.0,1.6881203201581826e-05
1530.0,1.6876031422862246e-05
3212.0,1.6865657218903704e-05
1067.0,1.6862730623315817e-05
591.0,1.6847981088553344e-05
841.0,1.6846967430702633e-05
2781.0,1.6846151080047833e-05
1449.0,1.6844917244087674e-05
2870.0,1.6836218944982484e-05
3324.0,1.6829183656493528e-05
3117.0,1.6796200135679225e-05
3116.0,1.679471581424198e-05
2652.0,1.6792569550082763e-05
2869.0,1.679037149361684e-05
3353.0,1.6787328493039045e-05
1611.0,1.678730484126829e-05
3356.0,1.6779308010631455e-05
1056.0,1.6774078718037465e-05
1927.0,1.676498564082026e-05
3118.0,1.6763290373550144e-05
1460.0,1.6754636728724006e-05
1974.0,1.6744698702473395e-05
2783.0,1.6738921031393962e-05
2566.0,1.6722334471038265e-05
2871.0,1.6716756447064557e-05
988.0,1.6712912745819405e-05
1469.0,1.6699188135471144e-05
2601.0,1.6698758779659085e-05
2567.0,1.6697415277300818e-05
2571.0,1.6694758739466244e-05
1298.0,1.667938134405528e-05
528.0,1.6661842319858898e-05
3240.0,1.66524848093604e-05
413.0,1.6645937359692494e-05
179.0,1.663969700071546e-05
893.0,1.659925899560941e-05
1163.0,1.6587384012430086e-05
1827.0,1.658052782139936e-05
1406.0,1.6567922060422866e-05
1315.0,1.656702751784362e-05
3111.0,1.6556130948186023e-05
3398.0,1.655485568844609e-05
1122.0,1.655213520125278e-05
1189.0,1.654770444320891e-05
3396.0,1.6539080753600376e-05
2576.0,1.6529807670741902e-05
3397.0,1.65292218963164e-05
2868.0,1.650007961233393e-05
3388.0,1.6497264572396324e-05
2351.0,1.6496533548752416e-05
1250.0,1.647073861752156e-05
1973.0,1.6467905011418613e-05
2872.0,1.6459476948769104e-05
1527.0,1.645379627522483e-05
3076.0,1.6451196922777078e-05
1279.0,1.6446045437303857e-05
1193.0,1.641221916217473e-05
1194.0,1.640785407159785e-05
2979.0,1.6390623830645806e-05
1053.0,1.6358883998094237e-05
612.0,1.6357168771796678e-05
1473.0,1.6352182506417868e-05
1949.0,1.6347800762437222e-05
178.0,1.6335912526620858e-05
751.0,1.633197649403559e-05
2460.0,1.63281051790696e-05
1999.0,1.630677782864004e-05
1761.0,1.6306006144018467e-05
1405.0,1.630346042594153e-05
3272.0,1.6284420576344105e-05
174.0,1.6280429149621855e-05
527.0,1.627369843380613e-05
592.0,1.6270418930166658e-05
1198.0,1.6264646144529702e-05
2780.0,1.625337874369146e-05
1192.0,1.6246979770388373e-05
2585.0,1.62448273359906e-05
1818.0,1.6243743378685045e-05
1319.0,1.6238238650407615e-05
1195.0,1.6217844937203538e-05
356.0,1.6204114323185453e-05
1057.0,1.6192696987817132e-05
2350.0,1.619243480984642e-05
937.0,1.616379926265471e-05
1926.0,1.615447010398305e-05
1066.0,1.6138216049462094e-05
1531.0,1.6119168268340253e-05
494.0,1.611868865958325e-05
1316.0,1.6103621373609682e-05
3135.0,1.6101640612568005e-05
1164.0,1.6100512683654975e-05
1459.0,1.6095896296997187e-05
2345.0,1.6092272958065253e-05
2646.0,1.6090270346378645e-05
3203.0,1.6059465815514765e-05
1488.0,1.604971021169356e-05
1823.0,1.6031089863618604e-05
2873.0,1.6020449759732406e-05
1190.0,1.6008113215574655e-05
1297.0,1.598430197589695e-05
2352.0,1.598081436451415e-05
2001.0,1.5978714409675527e-05
177.0,1.5964085802292512e-05
1521.0,1.5953507407900826e-05
2341.0,1.595054237236061e-05
1520.0,1.59495163818589e-05
1191.0,1.5946837860614916e-05
2891.0,1.5945250467130195e-05
1767.0,1.5942850411758687e-05
1045.0,1.5921522258282565e-05
3317.0,1.5916733270866686e-05
1824.0,1.5896460227293532e-05
2874.0,1.5886600723709437e-05
1318.0,1.5867082246291706e-05
2772.0,1.5862902489775483e-05
2867.0,1.585927026077841e-05
1196.0,1.584523041854034e-05
1317.0,1.5841285251072386e-05
433.0,1.5830684650455272e-05
969.0,1.583019058021308e-05
438.0,1.581899214000814e-05
2461.0,1.579813473542712e-05
526.0,1.579566139906288e-05
1526.0,1.5773634921176334e-05
1925.0,1.576758850078403e-05
3136.0,1.5761795679323156e-05
593.0,1.574847323972284e-05
1924.0,1.5745152107682365e-05
1223.0,1.57256677037495e-05
2784.0,1.572554194979695e-05
2594.0,1.5721991237420033e-05
509.0,1.57119978074913e-05
782.0,1.570732550920134e-05
176.0,1.570520177964219e-05
1522.0,1.5703061031137496e-05
3143.0,1.5674185005513228e-05
1197.0,1.567403049033297e-05
1826.0,1.566500488975571e-05
3159.0,1.5657232641320605e-05
1760.0,1.563746481866052e-05
2612.0,1.563225381634886e-05
3339.0,1.5603825365589313e-05
2779.0,1.5596716110968407e-05
2637.0,1.5590180827652824e-05
3383.0,1.5570127689219294e-05
1519.0,1.5558905641813955e-05
3347.0,1.5552955090045032e-05
1822.0,1.5539904360115144e-05
1058.0,1.5525300663513683e-05
1825.0,1.5519770028466624e-05
3346.0,1.551123101566189e-05
175.0,1.551019471473192e-05
2573.0,1.5507427883832596e-05
3274.0,1.5490464498173502e-05
1065.0,1.5479304749822964e-05
2950.0,1.547855429099649e-05
1472.0,1.5472714617174104e-05
2560.0,1.5468429503014997e-05
1458.0,1.545546076156706e-05
1543.0,1.5451188413145178e-05
987.0,1.5439989754631917e-05
3134.0,1.543322518241032e-05
2897.0,1.541873319908246e-05
1523.0,1.5384497157936676e-05
1296.0,1.5372169007563926e-05
1470.0,1.535760961190624e-05
1289.0,1.535736773323421e-05
490.0,1.5335763146720037e-05
3303.0,1.5328437121313585e-05
1290.0,1.5305869334830993e-05
1525.0,1.530319237357234e-05
3045.0,1.5300834879784073e-05
594.0,1.529089303735927e-05
2611.0,1.5290044000442895e-05
2863.0,1.5278420944903573e-05
1975.0,1.5268319275498147e-05
3257.0,1.5263278796157946e-05
1109.0,1.5262287536789935e-05
525.0,1.5216845553722666e-05
1542.0,1.5208120500254906e-05
1524.0,1.519354811975323e-05
2586.0,1.5192416955571145e-05
2535.0,1.5181437282180922e-05
611.0,1.518010655207255e-05
1954.0,1.5176334509130161e-05
1288.0,1.5173290313895279e-05
1759.0,1.514092728564227e-05
1291.0,1.510804614160003e-05
2584.0,1.5103954957295082e-05
2353.0,1.5087409983399247e-05
943.0,1.507308165093072e-05
1532.0,1.5059440224702718e-05
1249.0,1.5046158043067589e-05
3130.0,1.5015638080306233e-05
1544.0,1.4994689079742291e-05
1052.0,1.4991594983187131e-05
3322.0,1.4970739350258868e-05
2459.0,1.497042086887767e-05
3313.0,1.4963273153129844e-05
1295.0,1.4945536652644513e-05
1972.0,1.4935451063769518e-05
2349.0,1.4929122248001458e-05
2788.0,1.4917324235097836e-05
1064.0,1.4911442559023457e-05
1059.0,1.4904729212879245e-05
414.0,1.4885920252509003e-05
1292.0,1.4885778656471373e-05
2778.0,1.4868377355878672e-05
595.0,1.4862473144049228e-05
2215.0,1.4854731862624623e-05
2613.0,1.4853868449368703e-05
1457.0,1.4845351010776032e-05
2626.0,1.4824604876484332e-05
3314.0,1.4811733720907965e-05
1518.0,1.480073511561107e-05
1758.0,1.478893686528588e-05
1959.0,1.4773168030518128e-05
3258.0,1.476447813397312e-05
1294.0,1.4743593008864169e-05
1293.0,1.4741165953743013e-05
1287.0,1.4732165605819265e-05
2866.0,1.4712128986142787e-05
1280.0,1.4703441155319001e-05
3202.0,1.4699241728583167e-05
1821.0,1.4647916372263451e-05
3015.0,1.4644974502869737e-05
3126.0,1.4633739308701232e-05
3165.0,1.4626908917635224e-05
2541.0,1.4625506375970172e-05
752.0,1.4599052884431298e-05
253.0,1.4558785623080671e-05
3325.0,1.4537371130636426e-05
524.0,1.4526798487760022e-05
1743.0,1.4524848048113123e-05
2477.0,1.451682597169149e-05
3399.0,1.4511834668570114e-05
1471.0,1.4509701251508968e-05
1815.0,1.4491237324150045e-05
3323.0,1.4486791361012732e-05
2892.0,1.447823932333359e-05
1063.0,1.4473292972540547e-05
3316.0,1.4467815824712047e-05
2865.0,1.4463885432622735e-05
3256.0,1.4448431378474414e-05
1224.0,1.4438509971506066e-05
1060.0,1.4438066583629994e-05
3315.0,1.4424229263910088e-05
1757.0,1.4421107310508639e-05
1450.0,1.4415965334370838e-05
1998.0,1.4402941708997693e-05
596.0,1.4391914915694378e-05
840.0,1.4390477209216736e-05
1541.0,1.4385105404586903e-05
3137.0,1.4384044437252312e-05
3221.0,1.4362358345770316e-05
2572.0,1.4327138730534222e-05
3366.0,1.4311140510565477e-05
2978.0,1.4299220541657519e-05
1456.0,1.4256572796948152e-05
3144.0,1.425458758835797e-05
1062.0,1.421880315258876e-05
2615.0,1.4211960273612075e-05
1061.0,1.4199982648767417e-05
3040.0,1.4190826863504107e-05
986.0,1.4183113185153385e-05
2374.0,1.4182435894011169e-05
2785.0,1.4121112572950638e-05
2098.0,1.4109742705877854e-05
271.0,1.4079846266562572e-05
510.0,1.4077456687854838e-05
2007.0,1.407025286580362e-05
1286.0,1.405663390009769e-05
2346.0,1.4037181107785208e-05
2335.0,1.4027658498819139e-05
3206.0,1.4026821455749176e-05
2354.0,1.4015999858246245e-05
2577.0,1.4011861664398822e-05
3220.0,1.4007619238740417e-05
1489.0,1.4001844071309714e-05
2610.0,1.3994566653865635e-05
2864.0,1.3992311738704225e-05
2773.0,1.3942768300676968e-05
3348.0,1.3927868205654895e-05
1756.0,1.3927842217976947e-05
2777.0,1.3914927333283851e-05
1768.0,1.3911841113992413e-05
2616.0,1.3902404454522615e-05
3409.0,1.3899649838679814e-05
834.0,1.3898153493695794e-05
1545.0,1.3887153218823152e-05
938.0,1.3883924156942938e-05
1517.0,1.3877224836355821e-05
1533.0,1.3855921967168946e-05
1121.0,1.3852440902301208e-05
610.0,1.3848993416315828e-05
2951.0,1.3828376916983746e-05
3392.0,1.381702138329321e-05
2097.0,1.3810706770343277e-05
597.0,1.3798964036917913e-05
3345.0,1.3772734292554122e-05
2305.0,1.3743126695323178e-05
2306.0,1.3730352769274666e-05
3263.0,1.372805400615949e-05
2250.0,1.3725427649126057e-05
3077.0,1.3721270877927161e-05
523.0,1.3718998930273734e-05
3222.0,1.3695869817139749e-05
970.0,1.3694631245247776e-05
2220.0,1.3674528534958904e-05
1455.0,1.3656614242066687e-05
2251.0,1.3655326920397958e-05
1511.0,1.364171636561821e-05
493.0,1.3637937179450642e-05
1046.0,1.3630341065471926e-05
2140.0,1.362321799943014e-05
1755.0,1.3612211460497009e-05
3176.0,1.3603541370019484e-05
3280.0,1.3594534026634448e-05
2375.0,1.3570112674837953e-05
1512.0,1.3534169408979044e-05
781.0,1.3518460481260014e-05
2090.0,1.350527364418206e-05
1819.0,1.3502169081946874e-05
1248.0,1.3487718491384931e-05
2099.0,1.3486252315152783e-05
3171.0,1.3479141424964744e-05
1754.0,1.3477995525846505e-05
2249.0,1.3472898738578626e-05
2336.0,1.3470553343756444e-05
2334.0,1.3447198368330871e-05
2348.0,1.3438588320239997e-05
1820.0,1.340262710241205e-05
2088.0,1.3397486209216877e-05
2091.0,1.339176432520409e-05
2373.0,1.3379653322764073e-05
2896.0,1.3374059871661996e-05
3407.0,1.3365674406740475e-05
3219.0,1.3364238947104395e-05
3133.0,1.3353842463684435e-05
3421.0,1.3341261949694808e-05
2141.0,1.3338339614351544e-05
2246.0,1.3321585294532428e-05
357.0,1.3319936777740502e-05
2245.0,1.330928578114673e-05
3291.0,1.3308245169088697e-05
2462.0,1.3300822186229555e-05
2087.0,1.3297727263577138e-05
2248.0,1.3281539499353327e-05
2247.0,1.3261872775833664e-05
3367.0,1.3258969253507005e-05
2977.0,1.3201617147150123e-05
1225.0,1.3188208770814628e-05
1510.0,1.3187746268442744e-05
3145.0,1.3183355982616837e-05
2428.0,1.3178341821096769e-05
3192.0,1.3175567560437536e-05
1285.0,1.3165449479079977e-05
3204.0,1.3160767259745758e-05
3340.0,1.3129610270325116e-05
942.0,1.3119240286147063e-05
1540.0,1.3118808490927878e-05
3046.0,1.311362935487694e-05
1753.0,1.3109289011573572e-05
2061.0,1.3096160844331453e-05
2307.0,1.3075563346159034e-05
2893.0,1.3070372453983288e-05
3262.0,1.3053596005939318e-05
1516.0,1.3052533184807132e-05
1281.0,1.3045844309855745e-05
3284.0,1.3042330616041273e-05
2340.0,1.3039920127494635e-05
2139.0,1.3037167968808303e-05
1513.0,1.3020593666686436e-05
598.0,1.3019639808007303e-05
753.0,1.3012163088870164e-05
1610.0,1.3006232481576708e-05
3352.0,1.2992411034078447e-05
1454.0,1.2991616787669809e-05
3279.0,1.29715072063975e-05
985.0,1.296837855123227e-05
2429.0,1.2954457806893025e-05
2347.0,1.2941925105127872e-05
3153.0,1.2937313128924489e-05
2614.0,1.2937017348838086e-05
2355.0,1.2925496082996207e-05
2252.0,1.2918983680232773e-05
1051.0,1.2913171632117535e-05
2244.0,1.2910445239748282e-05
2062.0,1.2902542621290876e-05
3302.0,1.2893970244122985e-05
2776.0,1.2883841854403093e-05
2006.0,1.286908932193236e-05
2559.0,1.2830246340260308e-05
522.0,1.279578079362252e-05
2534.0,1.2790371259316045e-05
2048.0,1.278999059700449e-05
1502.0,1.278996844453028e-05
2486.0,1.2777003554672466e-05
1971.0,1.2776980236281438e-05
2359.0,1.2735507492058532e-05
3209.0,1.2712374087211894e-05
2131.0,1.2705399210763968e-05
3172.0,1.2704982538733065e-05
1503.0,1.2702299609123767e-05
1950.0,1.2697874213421738e-05
3078.0,1.2693853702861655e-05
3264.0,1.2686928456597107e-05
2358.0,1.2682974291476027e-05
2774.0,1.2669792503039259e-05
2593.0,1.2666704726005942e-05
1534.0,1.266653390763487e-05
3232.0,1.2655965101610672e-05
511.0,1.2636233442800673e-05
3215.0,1.2618803321928504e-05
3360.0,1.257845760920598e-05
1514.0,1.2569387143579232e-05
1515.0,1.2561471677664629e-05
1546.0,1.2544135005691365e-05
1953.0,1.2542852302352444e-05
2089.0,1.253265892377912e-05
3225.0,1.253083317857098e-05
2096.0,1.2512262944832647e-05
3248.0,1.2496784143376374e-05
2976.0,1.2493732893406036e-05
2047.0,1.2489767030003157e-05
3333.0,1.2487451815981273e-05
2008.0,1.248289061803445e-05
2002.0,1.245963008098736e-05
2304.0,1.24449325728952e-05
2427.0,1.2420014621781602e-05
254.0,1.2410320276190817e-05
2337.0,1.2405486349739535e-05
2100.0,1.2402577920549972e-05
1509.0,1.2398096343389591e-05
1752.0,1.2392698097799561e-05
3218.0,1.2390503326980814e-05
3224.0,1.2367821774349156e-05
2487.0,1.2359655764405557e-05
2376.0,1.2341017087052958e-05
3290.0,1.2340445383564644e-05
1451.0,1.2328316857841036e-05
2060.0,1.2327175514564458e-05
2775.0,1.231201699269892e-05
2092.0,1.2305224478114172e-05
939.0,1.2291420561315312e-05
609.0,1.2282049401853017e-05
3292.0,1.2277648397310559e-05
2357.0,1.2257616959620851e-05
2086.0,1.2234616051198807e-05
2356.0,1.223301146005775e-05
3281.0,1.2229934109996198e-05
3050.0,1.2223357730000351e-05
2952.0,1.221809579060211e-05
2968.0,1.2208458396918875e-05
1810.0,1.2200886912286326e-05
1453.0,1.2197809290958873e-05
3158.0,1.2190167443716517e-05
1976.0,1.2177953880911137e-05
1811.0,1.217660790433206e-05
2458.0,1.2141241421659298e-05
1110.0,1.2129411702265953e-05
2142.0,1.2111805494955499e-05
2333.0,1.2105009194325355e-05
3255.0,1.2086485966013594e-05
3411.0,1.2075491130289302e-05
1504.0,1.2074178985836379e-05
1501.0,1.207390279507979e-05
2969.0,1.2069972128650874e-05
1284.0,1.2062318747785084e-05
2063.0,1.2050624405285474e-05
599.0,1.2036764320326623e-05
1226.0,1.2033338795693168e-05
3201.0,1.2017232148176503e-05
2360.0,1.2003608265803323e-05
3389.0,1.1979497434918524e-05
941.0,1.1976330123618461e-05
3184.0,1.1974661086038216e-05
2587.0,1.1964019003667546e-05
2967.0,1.1961866877036564e-05
437.0,1.1957577891133256e-05
2558.0,1.1955060491943192e-05
2647.0,1.195460508081022e-05
971.0,1.1948089216046705e-05
2505.0,1.1940274831406304e-05
3016.0,1.1935537218258993e-05
2975.0,1.1923036543282805e-05
1997.0,1.1907444975435225e-05
2521.0,1.190234246193687e-05
3247.0,1.1901157371312654e-05
2049.0,1.1887860693776314e-05
3362.0,1.1872981083917517e-05
2609.0,1.1862081505167372e-05
372.0,1.1857507172294129e-05
3129.0,1.1854347769629887e-05
2651.0,1.1837985986117795e-05
2504.0,1.1837364711518949e-05
2786.0,1.1815988390167266e-05
2138.0,1.1812188825010144e-05
1809.0,1.1811069121299587e-05
2476.0,1.1808460329686708e-05
2308.0,1.179668268185558e-05
1812.0,1.1793118834094661e-05
984.0,1.1790758338655588e-05
3246.0,1.17865699394549e-05
521.0,1.1770748010868985e-05
3183.0,1.1767623599854766e-05
2970.0,1.1762134284246188e-05
2132.0,1.1730494674468759e-05
3361.0,1.1726907931350666e-05
1539.0,1.171955012402012e-05
1490.0,1.1717871020075327e-05
839.0,1.171197514181085e-05
940.0,1.1708207320691109e-05
2118.0,1.1700576994533222e-05
3249.0,1.1700348675112203e-05
1247.0,1.1698945682649084e-05
2253.0,1.1693073306917148e-05
3223.0,1.1665519220533426e-05
2894.0,1.1645565672789285e-05
2625.0,1.1628050399411029e-05
3349.0,1.161664227706151e-05
1814.0,1.1614170461816e-05
1508.0,1.1612381589791869e-05
1535.0,1.1602133311547656e-05
2430.0,1.1600794511749672e-05
3283.0,1.1587160470134128e-05
1609.0,1.1578549001168069e-05
1744.0,1.1554464453979513e-05
2243.0,1.1549919770272951e-05
754.0,1.1542189375049038e-05
2895.0,1.1536684912202553e-05
2974.0,1.1531223902415072e-05
2602.0,1.1530436107750383e-05
3146.0,1.1529850965711078e-05
1282.0,1.1526580157453121e-05
3359.0,1.1526257490709218e-05
2583.0,1.1501504838219663e-05
2617.0,1.1492381466017826e-05
2971.0,1.1490469735874645e-05
3047.0,1.148812276395084e-05
1120.0,1.1484288803938664e-05
3211.0,1.1462301038565596e-05
3358.0,1.1443478395369695e-05
1547.0,1.1437439302131587e-05
1784.0,1.1412076763065593e-05
512.0,1.1375175486055251e-05
2101.0,1.1363733536143578e-05
1505.0,1.1363502791212632e-05
2973.0,1.1355294042301486e-05
3344.0,1.1354025872866986e-05
2972.0,1.1350779812165984e-05
1751.0,1.134093154580343e-05
1952.0,1.132024223894913e-05
1769.0,1.1319520242714581e-05
780.0,1.1286251587532467e-05
2966.0,1.1258451147294533e-05
3365.0,1.1251238160939657e-05
2426.0,1.1237248672163212e-05
2338.0,1.1236292535409842e-05
1452.0,1.121927024653488e-05
2377.0,1.1208922628088771e-05
2130.0,1.120502516464349e-05
434.0,1.1202198134330734e-05
1588.0,1.1189450896586142e-05
2372.0,1.118774801894379e-05
3410.0,1.1156073316995839e-05
3278.0,1.1155464525979393e-05
3412.0,1.1130386079527496e-05
1806.0,1.1098202322156232e-05
1587.0,1.1088298657229347e-05
1507.0,1.1085098801584652e-05
1589.0,1.1069068448330881e-05
1951.0,1.1057614829296884e-05
2787.0,1.1049228576258148e-05
2093.0,1.1041657626185858e-05
2506.0,1.1032973842890526e-05
1227.0,1.101753292099742e-05
3265.0,1.098895214911743e-05
1813.0,1.0984057891536102e-05
1506.0,1.0981469191658275e-05
1783.0,1.0979025212108723e-05
1808.0,1.097636875582392e-05
2046.0,1.096232272399291e-05
3285.0,1.0952739437554355e-05
3363.0,1.0951586863094325e-05
2520.0,1.0922798853885872e-05
2257.0,1.0919456350861346e-05
3391.0,1.0917399061360292e-05
1047.0,1.0911168936427965e-05
2119.0,1.0910218450408537e-05
3293.0,1.0900933095234787e-05
3301.0,1.0895035446392003e-05
600.0,1.089432079917111e-05
1586.0,1.089058433049167e-05
3155.0,1.0881303675329872e-05
2361.0,1.087255233927425e-05
972.0,1.085942277887927e-05
2557.0,1.0836706723745063e-05
2332.0,1.0836669690136771e-05
3277.0,1.082599594232308e-05
1229.0,1.0824522919772514e-05
1228.0,1.0815865320652835e-05
2064.0,1.0813769716544804e-05
3156.0,1.0809160813295661e-05
2542.0,1.0801938950204018e-05
2953.0,1.0779639349480035e-05
2165.0,1.0776954007497791e-05
1230.0,1.0771010455027891e-05
1536.0,1.0767730782249776e-05
1283.0,1.0764593249982524e-05
2621.0,1.0759711654722575e-05
2256.0,1.0732411268386571e-05
3127.0,1.0726701864609275e-05
1590.0,1.069699167136944e-05
3282.0,1.0691508362166815e-05
255.0,1.0689912259735704e-05
2592.0,1.0687534091598541e-05
1538.0,1.0687395496010407e-05
2254.0,1.0683157623842292e-05
520.0,1.067153059730456e-05
3357.0,1.0663722064463294e-05
492.0,1.0659308232148271e-05
3259.0,1.0657762615316806e-05
1231.0,1.0657092494269064e-05
1585.0,1.065443341323318e-05
2258.0,1.0644274824930783e-05
2522.0,1.0641455386491401e-05
983.0,1.0633656976988328e-05
2095.0,1.0631778184194872e-05
2533.0,1.0621558685540944e-05
2483.0,1.0615577091893718e-05
2112.0,1.0612322431593135e-05
2102.0,1.0604275293267087e-05
2117.0,1.0595247746404766e-05
2022.0,1.058699698617462e-05
2164.0,1.0572814455787666e-05
1805.0,1.056309645472947e-05
2438.0,1.0562920631986437e-05
1807.0,1.0547609344410886e-05
1500.0,1.0531996371948555e-05
1970.0,1.0528890136281234e-05
2059.0,1.0524460680189338e-05
2018.0,1.0519213793505815e-05
1548.0,1.0517649404215838e-05
2111.0,1.0516264752254785e-05
3351.0,1.047257683355528e-05
3382.0,1.0471512830093355e-05
2107.0,1.046956812794857e-05
1232.0,1.0467450268223648e-05
3195.0,1.0462909636066614e-05
2085.0,1.0443664829156411e-05
608.0,1.0432600704105322e-05
2255.0,1.0431492093020668e-05
2475.0,1.0415135928310307e-05
270.0,1.0412873035766755e-05
2023.0,1.0412098916821626e-05
3341.0,1.0402548124722116e-05
1537.0,1.0377428862384735e-05
1785.0,1.0357452568360635e-05
2113.0,1.0356715742894864e-05
1584.0,1.0328396891855295e-05
3390.0,1.0324892346028466e-05
2021.0,1.0316147234384685e-05
2110.0,1.0309630874801729e-05
3294.0,1.03051066664156e-05
3245.0,1.030319378026852e-05
2094.0,1.0299755605645523e-05
513.0,1.0266015654050457e-05
3226.0,1.026041034455439e-05
491.0,1.0259049415974576e-05
1050.0,1.0254066248563237e-05
2439.0,1.0252977661035019e-05
358.0,1.0252579897760895e-05
3200.0,1.0251316151924133e-05
2108.0,1.0251181833249293e-05
2965.0,1.024787768708264e-05
2221.0,1.0233121929227575e-05
2143.0,1.0222686361019186e-05
2109.0,1.0217982788672757e-05
3217.0,1.0204910275888726e-05
1591.0,1.0202488015894587e-05
1233.0,1.0173980858263723e-05
2622.0,1.0171140083245162e-05
755.0,1.0161474317993553e-05
2339.0,1.0152883562938143e-05
1960.0,1.0139701640520545e-05
3350.0,1.0137254249163847e-05
2303.0,1.013168381239914e-05
2210.0,1.0122673433957625e-05
2103.0,1.0122448933486356e-05
2259.0,1.0115736370338235e-05
2017.0,1.0114447646561256e-05
2106.0,1.0099996163822976e-05
2378.0,1.0079790996381496e-05
3128.0,1.006666360893829e-05
2019.0,1.0064979654390913e-05
3017.0,1.0045899108337808e-05
1573.0,1.004254751405185e-05
3168.0,1.0037478529491727e-05
3210.0,1.0032550210880354e-05
2556.0,1.0023823966788563e-05
2020.0,1.0023447811239681e-05
1750.0,1.0018033981865876e-05
2503.0,1.0016473233460348e-05
3039.0,1.001644019772491e-05
1572.0,1.0009894444990047e-05
2620.0,1.0005960663013883e-05
3048.0,9.98829830383473e-06
3295.0,9.976696192363982e-06
3400.0,9.970423999697847e-06
2425.0,9.947337155407505e-06
1608.0,9.939590686250154e-06
2180.0,9.935247755661807e-06
2331.0,9.933654270110608e-06
2137.0,9.927983399923767e-06
2050.0,9.927313451241542e-06
2362.0,9.925203780327777e-06
2105.0,9.917139705900389e-06
2543.0,9.915952045758051e-06
2104.0,9.892956568036635e-06
3154.0,9.887212239756052e-06
1571.0,9.87884105507219e-06
2591.0,9.876926179566854e-06
1583.0,9.863585220294832e-06
3261.0,9.863499990236512e-06
2507.0,9.841788114345357e-06
1574.0,9.83722834981003e-06
3326.0,9.76777575598206e-06
3196.0,9.767739542311211e-06
3286.0,9.762163619744077e-06
1966.0,9.760713212561177e-06
3374.0,9.760512117102983e-06
1592.0,9.752298493949304e-06
2431.0,9.749076338669961e-06
1234.0,9.743921300901649e-06
1111.0,9.742625201351613e-06
2437.0,9.737612533121579e-06
3194.0,9.729965338700502e-06
1246.0,9.726995198436988e-06
3289.0,9.712054723328855e-06
3373.0,9.702954025851475e-06
2114.0,9.692447647630857e-06
2209.0,9.69133481192564e-06
3414.0,9.690529844798489e-06
1782.0,9.66960979251474e-06
2181.0,9.668801010268327e-06
2954.0,9.621543924473636e-06
2578.0,9.615592735194359e-06
2485.0,9.610936741666617e-06
1119.0,9.609334234991896e-06
1804.0,9.591803747745875e-06
973.0,9.582260523717444e-06
2463.0,9.571531230508429e-06
3368.0,9.568851391014949e-06
2126.0,9.562487304651102e-06
3343.0,9.556772923879716e-06
2260.0,9.552430451768926e-06
1965.0,9.545141121881763e-06
519.0,9.544683868358903e-06
2024.0,9.541109972084698e-06
982.0,9.503361985461707e-06
2125.0,9.498966844534114e-06
1570.0,9.492586386143702e-06
601.0,9.482940655647315e-06
1967.0,9.465695098033328e-06
2309.0,9.451664398625023e-06
256.0,9.411842859606489e-06
2330.0,9.398630781501429e-06
1996.0,9.391122082390804e-06
1593.0,9.384226944349801e-06
2065.0,9.377083041666554e-06
3300.0,9.371434858651657e-06
3032.0,9.337042622012999e-06
779.0,9.327704624465442e-06
1575.0,9.32256646288122e-06
3199.0,9.32206440841572e-06
1582.0,9.307947982109587e-06
1491.0,9.305869108818638e-06
514.0,9.29496925268735e-06
2318.0,9.290482153390089e-06
3170.0,9.28976146298539e-06
3269.0,9.277913213250274e-06
2495.0,9.275619315396499e-06
2555.0,9.262777864739272e-06
3250.0,9.251933756636172e-06
1549.0,9.236805706347256e-06
2964.0,9.233639161940993e-06
2327.0,9.221504866743217e-06
2179.0,9.204255732044211e-06
3328.0,9.204185900834362e-06
3205.0,9.203602085371522e-06
3244.0,9.201411184883792e-06
3173.0,9.200661581944759e-06
2326.0,9.180679094658515e-06
2329.0,9.173428844892e-06
2608.0,9.170140247999873e-06
3175.0,9.163854703672986e-06
2328.0,9.160879624013277e-06
1235.0,9.1573793324915e-06
3157.0,9.157172232736549e-06
3287.0,9.133097131387603e-06
3268.0,9.128895008312623e-06
3276.0,9.123899311038379e-06
2363.0,9.121253593167452e-06
3342.0,9.08058983367209e-06
3166.0,9.069806109242829e-06
3329.0,9.061430358628036e-06
3422.0,9.04319181544818e-06
1594.0,9.002570323587132e-06
3252.0,8.999320464559597e-06
3364.0,8.986048112939612e-06
2488.0,8.967171600850295e-06
1964.0,8.958815819303786e-06
2214.0,8.943641909689264e-06
3049.0,8.934232337412323e-06
3193.0,8.908608326186018e-06
2579.0,8.905367851251592e-06
3423.0,8.860305828643228e-06
756.0,8.859363522530453e-06
835.0,8.8592697730639e-06
3197.0,8.855651083117232e-06
2124.0,8.849005421378002e-06
3167.0,8.827548356600018e-06
2120.0,8.816282853419558e-06
2325.0,8.813462867746862e-06
1979.0,8.807987826677328e-06
3296.0,8.807154777873885e-06
2440.0,8.804662963560384e-06
2319.0,8.795061764936764e-06
2284.0,8.786151767888462e-06
371.0,8.7843559449123e-06
838.0,8.782762719418156e-06
2618.0,8.770922158625923e-06
2115.0,8.765341306238598e-06
1581.0,8.747756275598342e-06
2955.0,8.747473641035138e-06
1576.0,8.747342612697865e-06
3241.0,8.746242923390685e-06
3266.0,8.735006892056855e-06
2005.0,8.733671927383748e-06
2261.0,8.7320648053684e-06
3018.0,8.731891586860674e-06
2317.0,8.728631877883203e-06
2166.0,8.717055975423581e-06
2283.0,8.702232669634917e-06
1770.0,8.700628314403017e-06
2242.0,8.697069130645867e-06
2623.0,8.694301908807128e-06
3377.0,8.68204592827649e-06
3243.0,8.681348611711752e-06
3413.0,8.675743373486808e-06
1968.0,8.672316942402493e-06
2494.0,8.667629898717731e-06
2009.0,8.650974945255548e-06
1745.0,8.649482754752106e-06
3198.0,8.635197354909532e-06
3372.0,8.634078092767827e-06
3031.0,8.607760530972737e-06
1978.0,8.607664432132495e-06
2123.0,8.60518685165646e-06
2163.0,8.59220837876461e-06
3327.0,8.582914267971115e-06
3381.0,8.582452203547448e-06
2960.0,8.576516310433181e-06
1569.0,8.575081649877328e-06
2959.0,8.562387984577917e-06
1595.0,8.55513846199146e-06
2619.0,8.553737818717404e-06
3267.0,8.543397332064512e-06
2424.0,8.539744760229312e-06
1969.0,8.539173335477254e-06
2436.0,8.539060717029084e-06
2371.0,8.529503845278093e-06
2963.0,8.521877037150061e-06
1749.0,8.513228575567702e-06
257.0,8.500804088677754e-06
1977.0,8.49009194791779e-06
515.0,8.47530656194918e-06
2127.0,8.467408789028244e-06
2379.0,8.463326644899644e-06
2080.0,8.457807880113136e-06
518.0,8.456742758523638e-06
2045.0,8.454391434944875e-06
2554.0,8.432274172051886e-06
2211.0,8.431112084613361e-06
1781.0,8.428558996258605e-06
3169.0,8.424917443167908e-06
1236.0,8.420977323722972e-06
981.0,8.417995663083435e-06
2624.0,8.41112928850655e-06
2508.0,8.406323688954938e-06
1577.0,8.405425925521008e-06
3231.0,8.403058707395301e-06
1980.0,8.401202537886964e-06
2133.0,8.39492772603525e-06
2519.0,8.387549108965323e-06
3260.0,8.384724098367258e-06
2961.0,8.381927516478637e-06
1499.0,8.373825299722914e-06
3406.0,8.359019509038503e-06
2544.0,8.356771876942092e-06
2084.0,8.350629453033372e-06
2432.0,8.307140538977212e-06
607.0,8.301393507714092e-06
3033.0,8.297640835456456e-06
2590.0,8.295007736576343e-06
2285.0,8.277130472331624e-06
2962.0,8.26817597972808e-06
2128.0,8.267795667258018e-06
2457.0,8.25420701879651e-06
1578.0,8.252466043765936e-06
3378.0,8.250645183408442e-06
1118.0,8.246978260946544e-06
2016.0,8.232214064888081e-06
2182.0,8.230091190287772e-06
1963.0,8.228939495329518e-06
2178.0,8.224151039977356e-06
2958.0,8.195668930673464e-06
2144.0,8.193907510848691e-06
1786.0,8.18825619458808e-06
1580.0,8.185787639540634e-06
2129.0,8.173616968241956e-06
2523.0,8.163763420302995e-06
2580.0,8.145227357930479e-06
1596.0,8.138606439278271e-06
3380.0,8.091178245062086e-06
2956.0,8.08386732789711e-06
2081.0,8.06287627242583e-06
2448.0,8.06027945646446e-06
3227.0,8.053795877378188e-06
1803.0,8.049913144095093e-06
1112.0,8.036473564871378e-06
3379.0,8.021448780958816e-06
2291.0,8.00357525554718e-06
974.0,8.001417009280588e-06
2282.0,7.999895865749666e-06
2058.0,7.993383157014171e-06
2648.0,7.984332392957629e-06
1579.0,7.981484321883946e-06
2066.0,7.978879290405927e-06
2447.0,7.97794621790983e-06
1607.0,7.97230518892733e-06
2025.0,7.969386230478441e-06
2116.0,7.961814369566152e-06
2122.0,7.950511059244018e-06
2474.0,7.949017156215926e-06
2364.0,7.948395444053217e-06
3330.0,7.904548190827436e-06
2324.0,7.884632406246652e-06
2275.0,7.883625326233786e-06
2390.0,7.882523308911473e-06
3288.0,7.873933752413295e-06
359.0,7.873605784194286e-06
3270.0,7.87219789995782e-06
3376.0,7.86813487003157e-06
1597.0,7.864517800996262e-06
258.0,7.861877760057084e-06
2176.0,7.858542521943478e-06
3174.0,7.850493570438656e-06
3371.0,7.84510667875924e-06
778.0,7.83926574918031e-06
3019.0,7.839190633249831e-06
435.0,7.832754524908452e-06
516.0,7.832385731660896e-06
602.0,7.816455860597164e-06
1048.0,7.809032924360574e-06
2150.0,7.792691508119544e-06
3228.0,7.7739335891164e-06
269.0,7.772665177748904e-06
2177.0,7.766524039737727e-06
2011.0,7.765066659412881e-06
1049.0,7.764952959123468e-06
2222.0,7.758812455963338e-06
1245.0,7.747187059002188e-06
2290.0,7.74221308559622e-06
2316.0,7.733397097472873e-06
2435.0,7.72548897773402e-06
2389.0,7.698362313572319e-06
1598.0,7.689917336907172e-06
2175.0,7.688572637009698e-06
1780.0,7.66870141370722e-06
757.0,7.653528768382388e-06
3299.0,7.6484340923061e-06
2320.0,7.638711034042568e-06
2433.0,7.6243151613425345e-06
2010.0,7.586969696527387e-06
3405.0,7.586010409992462e-06
3375.0,7.580406992070192e-06
2957.0,7.579507654668454e-06
2292.0,7.563555919472162e-06
2012.0,7.563011003773451e-06
1237.0,7.5628293871977185e-06
1962.0,7.557979333644942e-06
2603.0,7.557332002325111e-06
1989.0,7.550050159575015e-06
3331.0,7.532090010609773e-06
1771.0,7.524123477884428e-06
1990.0,7.518211782429459e-06
2496.0,7.51701988282377e-06
3404.0,7.516967040418142e-06
3034.0,7.5158179455477934e-06
1774.0,7.503834987964356e-06
517.0,7.484921010590278e-06
2276.0,7.484760177421303e-06
1773.0,7.48424239594796e-06
2149.0,7.481482916137521e-06
2136.0,7.472613245097268e-06
2434.0,7.471809620961997e-06
1981.0,7.4711567667004105e-06
2553.0,7.45682071977123e-06
1775.0,7.455458734170733e-06
2203.0,7.449956011322499e-06
1599.0,7.44773115104534e-06
2151.0,7.4331337974986895e-06
1772.0,7.421072014759863e-06
2515.0,7.418266625658525e-06
2208.0,7.4153573640827984e-06
3030.0,7.413819342965714e-06
259.0,7.413068564989076e-06
2464.0,7.40758595128009e-06
3297.0,7.4055566784172176e-06
1776.0,7.399272021427823e-06
2202.0,7.398496378015601e-06
2286.0,7.378878727288742e-06
2079.0,7.369405867872343e-06
980.0,7.3593983592093136e-06
2514.0,7.342689705728925e-06
1117.0,7.329975530184386e-06
1995.0,7.310675700483376e-06
268.0,7.283481686434755e-06
1777.0,7.273178190721072e-06
1568.0,7.253436438909801e-06
1779.0,7.252506045107578e-06
3251.0,7.248183168873207e-06
3020.0,7.242935357406108e-06
2262.0,7.230117313603053e-06
2051.0,7.211369417462343e-06
370.0,7.205689529163058e-06
1988.0,7.204096471713397e-06
1991.0,7.1654613829427664e-06
1550.0,7.145841193649122e-06
2238.0,7.1305389403806515e-06
2491.0,7.128747560365579e-06
2013.0,7.126277873891883e-06
2532.0,7.111098725059088e-06
2423.0,7.102256321404376e-06
260.0,7.092605929646591e-06
2650.0,7.089900360331011e-06
2441.0,7.080476465174751e-06
1961.0,7.07446302130927e-06
3029.0,7.067583309712777e-06
1802.0,7.067315074305364e-06
3022.0,7.009505829035944e-06
2121.0,7.006329224752477e-06
436.0,7.005037333460129e-06
2289.0,7.001370210924485e-06
2581.0,6.994881451338388e-06
3216.0,6.990046820434496e-06
1748.0,6.9847916135411435e-06
2274.0,6.976629641097225e-06
1600.0,6.9657636785641375e-06
1778.0,6.9527724106403826e-06
2201.0,6.920587119952607e-06
2067.0,6.918021648477533e-06
2524.0,6.899324501546614e-06
3370.0,6.887059778498583e-06
267.0,6.881408476854132e-06
1113.0,6.872913070083431e-06
3038.0,6.867917735378356e-06
2526.0,6.867879093647426e-06
261.0,6.85560704696495e-06
777.0,6.84820119457919e-06
2391.0,6.808786721664821e-06
2471.0,6.800868048325008e-06
1492.0,6.797758679718105e-06
2281.0,6.7914112642081525e-06
3021.0,6.776171871933475e-06
3275.0,6.767415186003304e-06
2499.0,6.764209553578519e-06
1116.0,6.7631477517122e-06
3253.0,6.758237491611934e-06
2473.0,6.741971352006278e-06
1992.0,6.728967720124518e-06
2134.0,6.714499514407881e-06
2472.0,6.698802055912067e-06
2502.0,6.690902325169343e-06
2148.0,6.685964110670975e-06
2525.0,6.685122293591274e-06
262.0,6.668015890276791e-06
2545.0,6.65017142137949e-06
3035.0,6.6485762297992165e-06
3369.0,6.636211882927267e-06
2293.0,6.632993523087811e-06
2204.0,6.630322685241034e-06
2470.0,6.621874498170848e-06
2513.0,6.620019909363748e-06
2588.0,6.618663611087224e-06
1238.0,6.616360684620436e-06
3023.0,6.613024569494858e-06
2152.0,6.612291661634033e-06
2323.0,6.605118578666651e-06
1987.0,6.599768609939428e-06
2446.0,6.594481069463891e-06
3271.0,6.593384169895765e-06
758.0,6.589823708138586e-06
2145.0,6.589621029860989e-06
2500.0,6.5869125885478905e-06
2287.0,6.581591868572738e-06
266.0,6.578865319057184e-06
2014.0,6.542105556811404e-06
2082.0,6.5130586076305625e-06
263.0,6.50059281901967e-06
2607.0,6.476175731485065e-06
2272.0,6.475583131899242e-06
3403.0,6.475391722373501e-06
2509.0,6.469584842153749e-06
1498.0,6.468013852135748e-06
1115.0,6.449094307959917e-06
1993.0,6.440025191638566e-06
2288.0,6.4321804125575625e-06
2380.0,6.4233794309183475e-06
2302.0,6.4223531786351365e-06
2083.0,6.414536968689223e-06
2239.0,6.4064687573874715e-06
369.0,6.390485469583294e-06
2388.0,6.3735782752196555e-06
265.0,6.36897137526175e-06
2407.0,6.3503742935222695e-06
2321.0,6.3480208596703355e-06
1982.0,6.334307489079753e-06
1994.0,6.330221212219512e-06
3028.0,6.329524833166191e-06
2370.0,6.3293988745514395e-06
2174.0,6.324990076418191e-06
264.0,6.323058235879606e-06
2273.0,6.313692926628518e-06
360.0,6.307527539208235e-06
1114.0,6.2909373749138135e-06
2527.0,6.273926604169823e-06
3254.0,6.271750670972936e-06
2552.0,6.271059791792319e-06
979.0,6.2610681165630355e-06
776.0,6.2506047661931934e-06
2469.0,6.2503614573807275e-06
2365.0,6.240366614912201e-06
2271.0,6.2365328149597164e-06
2449.0,6.215523684459679e-06
2003.0,6.212315995337196e-06
3242.0,6.2099400862075345e-06
2582.0,6.199830377187124e-06
2200.0,6.162721188490485e-06
2408.0,6.161011388530218e-06
2465.0,6.137588753759705e-06
2322.0,6.136313996439995e-06
975.0,6.1295364406108314e-06
2068.0,6.122707545672574e-06
1601.0,6.099833432983837e-06
2516.0,6.06854018796227e-06
1567.0,6.050638436285097e-06
2315.0,6.046202891459114e-06
2223.0,6.035564004751336e-06
2162.0,6.012731644532622e-06
1801.0,5.982672012580471e-06
2310.0,5.956266425074487e-06
368.0,5.944715535486147e-06
2147.0,5.942023037583843e-06
606.0,5.94199202339903e-06
603.0,5.928342763761266e-06
2277.0,5.921672324263054e-06
2468.0,5.9188605143226305e-06
2422.0,5.918628803581337e-06
1986.0,5.914662632826071e-06
2406.0,5.90897575012518e-06
1746.0,5.906346260797691e-06
3332.0,5.898546451995163e-06
1244.0,5.895937486513147e-06
775.0,5.893233260888111e-06
2183.0,5.8885395200136404e-06
2442.0,5.875644896974531e-06
2489.0,5.871673789634887e-06
2015.0,5.846623539029127e-06
1790.0,5.833231290832852e-06
2026.0,5.8311212109965694e-06
2233.0,5.818557718032502e-06
2146.0,5.8122354691257495e-06
3036.0,5.7892683817760695e-06
2270.0,5.774210239863949e-06
3027.0,5.767856096187487e-06
2153.0,5.7401855506881524e-06
1787.0,5.731712680940248e-06
2490.0,5.725904860348148e-06
759.0,5.723118663747764e-06
2512.0,5.708241547749845e-06
367.0,5.679320381245055e-06
774.0,5.648863774824269e-06
2493.0,5.630617490277991e-06
1239.0,5.6132006111113515e-06
2237.0,5.6014250317815405e-06
1747.0,5.56109797575581e-06
2044.0,5.531086767486644e-06
2294.0,5.529819802885166e-06
2467.0,5.528621948178933e-06
1606.0,5.5266597264212055e-06
366.0,5.501534881958849e-06
3024.0,5.498691561625818e-06
3026.0,5.494431671750296e-06
837.0,5.486401214394911e-06
2452.0,5.47649099435341e-06
3037.0,5.470031847133498e-06
2170.0,5.451644132890817e-06
773.0,5.4479013986770844e-06
1983.0,5.444898057047278e-06
2498.0,5.4264971077148325e-06
2280.0,5.424831553597657e-06
3025.0,5.3979977740996666e-06
2649.0,5.392707972551432e-06
365.0,5.361156138768838e-06
1558.0,5.358135838900483e-06
1985.0,5.340656987234258e-06
361.0,5.331217662023478e-06
2156.0,5.3296637198163926e-06
2157.0,5.316709375719366e-06
2235.0,5.299706699451896e-06
1497.0,5.2967311079992625e-06
2234.0,5.293357749085811e-06
2445.0,5.291974224767867e-06
1791.0,5.284769230187962e-06
2057.0,5.282524948948302e-06
2405.0,5.2680049760693005e-06
772.0,5.263210126420034e-06
1557.0,5.248056306631505e-06
2269.0,5.247831792174045e-06
364.0,5.223682900648579e-06
1566.0,5.222044198167001e-06
2154.0,5.204524215738235e-06
2443.0,5.199576613019216e-06
2546.0,5.199075146781388e-06
2604.0,5.192627102461618e-06
2199.0,5.164036431654963e-06
2518.0,5.155646184230039e-06
2155.0,5.145218541079145e-06
2409.0,5.138624541601305e-06
2069.0,5.138253451095104e-06
1984.0,5.113348456747463e-06
2078.0,5.113042770204353e-06
2421.0,5.109596373745035e-06
2263.0,5.1089984014232515e-06
2451.0,5.101843593776342e-06
760.0,5.084219009100012e-06
771.0,5.078619764844845e-06
978.0,5.060741351693385e-06
3229.0,5.055580154611248e-06
363.0,5.05352674643446e-06
2466.0,4.952794274378422e-06
2453.0,4.9342425719110615e-06
2444.0,4.893841234176373e-06
2167.0,4.889206973962489e-06
770.0,4.874339870492267e-06
2135.0,4.835489119286645e-06
2236.0,4.8264109210486775e-06
2392.0,4.822851671982828e-06
2158.0,4.819233344434812e-06
3298.0,4.815072866798641e-06
2369.0,4.8100719808574e-06
2042.0,4.8019532408814e-06
362.0,4.798209872666428e-06
3230.0,4.788002617369432e-06
1559.0,4.76606099920672e-06
3401.0,4.758186712834905e-06
1800.0,4.757518054991378e-06
2551.0,4.74368611762497e-06
3402.0,4.735492111202389e-06
1602.0,4.726475804372247e-06
2301.0,4.721577396470071e-06
2381.0,4.713207720681768e-06
1556.0,4.712981284062124e-06
2501.0,4.707461208971113e-06
2188.0,4.701064008184513e-06
1789.0,4.698000588602622e-06
1240.0,4.675308967473888e-06
2511.0,4.661184884424272e-06
761.0,4.654540137161404e-06
2492.0,4.651374357397219e-06
836.0,4.645992281616881e-06
1243.0,4.637771337998206e-06
2168.0,4.6356969117725684e-06
769.0,4.635511098616322e-06
1242.0,4.617571588742703e-06
2070.0,4.601357921208434e-06
1241.0,4.600603592346043e-06
2043.0,4.586170617693183e-06
2169.0,4.58320121065024e-06
2528.0,4.578669518979478e-06
2314.0,4.562253933259623e-06
2366.0,4.560181332001761e-06
2071.0,4.5527483604127055e-06
2404.0,4.551412454147002e-06
2268.0,4.546484603619463e-06
2004.0,4.502982106408092e-06
1565.0,4.480958862349325e-06
2041.0,4.476125429178431e-06
2497.0,4.467848775815026e-06
2420.0,4.423612592473904e-06
1551.0,4.41680715312e-06
2295.0,4.413805045939803e-06
2205.0,4.40624495289014e-06
2279.0,4.404084810997092e-06
2171.0,4.392628812877791e-06
2232.0,4.386437734194492e-06
2241.0,4.3823205344283705e-06
762.0,4.369794810993749e-06
768.0,4.3645118167162595e-06
2196.0,4.355932008249209e-06
2052.0,4.348969513799984e-06
2212.0,4.341734335889912e-06
2197.0,4.338558216524161e-06
2606.0,4.3372947932124494e-06
2228.0,4.335839795237089e-06
2189.0,4.33169169309449e-06
2195.0,4.322162240962235e-06
2187.0,4.315962360717396e-06
2229.0,4.286057665541116e-06
2198.0,4.2654579117883255e-06
2173.0,4.242608547318216e-06
2224.0,4.2292328123536575e-06
2072.0,4.223865176343075e-06
2194.0,4.210840101367519e-06
1493.0,4.208669476492002e-06
2510.0,4.205701358134774e-06
2387.0,4.196912920257316e-06
1555.0,4.178324240208416e-06
976.0,4.15210106405684e-06
763.0,4.150911423676309e-06
2161.0,4.1065881123247735e-06
2053.0,4.095322485257919e-06
767.0,4.078976179035675e-06
2297.0,4.077381752366276e-06
2036.0,4.062694030729351e-06
2278.0,4.032108187507397e-06
2450.0,4.007136505553039e-06
2159.0,4.004543154354419e-06
2191.0,4.004264354006746e-06
2419.0,4.0032080112869015e-06
2190.0,3.986406071634241e-06
2037.0,3.9804027347946186e-06
2589.0,3.963973004312763e-06
2296.0,3.962118124379455e-06
2172.0,3.957171423516227e-06
764.0,3.9544585970618195e-06
2193.0,3.953625770462555e-06
2035.0,3.9320488483652744e-06
2192.0,3.925778308150929e-06
2605.0,3.911553240054588e-06
2382.0,3.9095672360913135e-06
2403.0,3.901234529455105e-06
2547.0,3.888477381127156e-06
2040.0,3.870659456631681e-06
2368.0,3.870401181317845e-06
604.0,3.868475829705835e-06
2231.0,3.856340374047392e-06
2456.0,3.831829670365699e-06
1496.0,3.829606895543794e-06
2054.0,3.818668878267887e-06
766.0,3.7984361861683094e-06
2038.0,3.765621352358202e-06
2531.0,3.7621088982056806e-06
765.0,3.755422957203764e-06
977.0,3.752928898586033e-06
1560.0,3.7364006684933804e-06
2300.0,3.7304669619201455e-06
2298.0,3.6959114165028504e-06
2367.0,3.6905938907178366e-06
2073.0,3.6873383247287058e-06
1792.0,3.6665860825436333e-06
2207.0,3.6662728794553153e-06
2410.0,3.6647046070483776e-06
2400.0,3.649385437438063e-06
2383.0,3.6420669989891703e-06
2418.0,3.6175578450140554e-06
2313.0,3.600981817046479e-06
2454.0,3.595763872051054e-06
2034.0,3.5771332571277434e-06
2517.0,3.5750810198512704e-06
1564.0,3.5684714323173514e-06
2039.0,3.5596077098235978e-06
2402.0,3.5515385744096727e-06
2160.0,3.517562101197047e-06
2240.0,3.484767067699307e-06
2549.0,3.481606609511622e-06
2055.0,3.479689697139646e-06
1554.0,3.4697107943419294e-06
2299.0,3.4690995374732363e-06
2267.0,3.4656629575751963e-06
605.0,3.4545643617506488e-06
1799.0,3.434000573013782e-06
2027.0,3.3862491349586977e-06
2230.0,3.3851518623669744e-06
2056.0,3.3755955131972355e-06
1788.0,3.239532616950977e-06
2401.0,3.151255568141428e-06
2225.0,3.1364841794001408e-06
2264.0,3.1247125626731917e-06
2184.0,3.1167872381804083e-06
2399.0,3.100379281263744e-06
2074.0,3.098498476109604e-06
1605.0,3.0724612702169536e-06
2213.0,3.0513920982882975e-06
2033.0,3.0404140381183072e-06
2186.0,3.0101736348808713e-06
2412.0,2.9422047267544336e-06
2550.0,2.9335205835532923e-06
2413.0,2.928549907951355e-06
2384.0,2.9226183800821253e-06
2227.0,2.8966524282689156e-06
1561.0,2.82311066396997e-06
2417.0,2.8044355455487743e-06
2484.0,2.7981915964846034e-06
2312.0,2.78900839232334e-06
1553.0,2.7878955862976007e-06
2226.0,2.775890037774543e-06
1603.0,2.7665043430848556e-06
2393.0,2.7512608151116805e-06
1604.0,2.748839651120231e-06
1563.0,2.7365813499346286e-06
2548.0,2.7227463736688585e-06
2077.0,2.695629017974258e-06
2075.0,2.6464501427145745e-06
2411.0,2.6422340498890225e-06
2529.0,2.6353739701889896e-06
2206.0,2.6192693726205117e-06
2076.0,2.562368159324906e-06
2185.0,2.5445382572692905e-06
1793.0,2.5353622286540197e-06
2414.0,2.51877923590361e-06
1795.0,2.5181807765872937e-06
1552.0,2.5083416085386964e-06
1794.0,2.4518589776842454e-06
1562.0,2.449901989710067e-06
2032.0,2.4456122112466516e-06
2028.0,2.186394569457003e-06
2311.0,2.1720606677809335e-06
2266.0,2.13401857150662e-06
1495.0,2.110387284419946e-06
1798.0,2.0770608150570543e-06
2031.0,1.993081592062923e-06
2029.0,1.9899644993365085e-06
2398.0,1.9854169292455434e-06
2265.0,1.972487410738761e-06
2455.0,1.878996472579769e-06
2415.0,1.8581625325821724e-06
1796.0,1.8525785577258343e-06
2030.0,1.8477658726564683e-06
2385.0,1.7330883956096553e-06
1494.0,1.726028354847294e-06
2416.0,1.6488882837591234e-06
2386.0,1.5013916670542087e-06
2530.0,1.4974329779956202e-06
2394.0,1.3423845234957488e-06
1797.0,9.159848816631399e-07
2397.0,8.478681412294417e-07
2395.0,6.517588094943152e-07
2396.0,3.073553937107032e-07
