"","logFC","AveExpr","t","P.Value","adj.P.Val","B","significancia"
"FN1",1.57526128472221,0.133652083333334,15.9039217223035,2.45520863808885e-49,4.58559317335855e-45,101.288752274106,"Up-regulado"
"MARCKSL1",1.46959618055554,-0.141965773809524,15.2665610955391,4.64697752334333e-46,4.33957996017417e-42,93.8275093269102,"Up-regulado"
"CTHRC1",1.52401996527776,0.106269642857142,15.1151110741133,2.72724206555385e-45,1.69789000194497e-41,92.0778586352961,"Up-regulado"
"ITGB1",1.50997378472221,-0.0463116071428567,15.0824984502516,3.98743598015903e-45,1.86183354503576e-41,91.7023063563085,"Up-regulado"
"ENO1",1.50122743055554,-0.0604532738095239,14.9336416197358,2.2453223806657e-44,8.26294894109928e-41,89.9936579900948,"Up-regulado"
"PGR",-1.46736909722221,0.181922321428571,-14.9191815920541,2.65447843050788e-44,8.26294894109928e-41,89.8281653742205,"Down-regulado"
"EIF4G1",1.48298993055554,-0.109965178571428,14.7970339053604,1.08789483924254e-43,2.90265884464756e-40,88.4336809444829,"Up-regulado"
"BASP1",1.4939954861111,-0.155994345238096,14.7246683196317,2.5017038287739e-43,5.84054030125126e-40,87.6104840296209,"Up-regulado"
"H2AC17",1.46861649305554,-0.0549455357142855,14.6726571016908,4.54534163419788e-43,9.43259396687931e-40,87.0202005767306,"Up-regulado"
"ACTR3",1.46104305555554,-0.0841220238095235,14.636428524947,6.88505381012632e-43,1.19031662104985e-39,86.6097189170652,"Up-regulado"
"H1-5",1.42749305555554,-0.0445151785714284,14.6348522903636,7.01048499841966e-43,1.19031662104985e-39,86.5918724215935,"Up-regulado"
"CRISP3",-1.42004479166665,0.0600541666666667,-14.6075580314264,9.58176207420599e-43,1.49132141883288e-39,86.283009613057,"Down-regulado"
"TXNDC5",1.42504184027777,-0.123271428571429,14.5617827778951,1.6170013694125e-42,2.32313342896287e-39,85.7657352895076,"Up-regulado"
"H3C8",1.41446944444443,-0.0649988095238094,14.519736646496,2.61284554740722e-42,3.48572259206605e-39,85.2913996713335,"Up-regulado"
"SKIL",1.41532222222221,-0.0569520833333336,14.4258866581303,7.60461367540304e-42,9.46875797436684e-39,84.2354257199407,"Up-regulado"
"ALDH1A1",-1.41023593749999,0.11886994047619,-14.292113517951,3.46333401031665e-41,4.04279308191776e-38,82.7369469402627,"Down-regulado"
"YBX1",1.44163836805554,-0.0279107142857145,14.2302283106784,6.96491539173315e-41,7.65198381008236e-38,82.0464244176323,"Up-regulado"
"H3C15",1.37874114583332,-0.0909395833333331,14.1653754713679,1.44572257224141e-40,1.50009780454183e-37,81.3246350256402,"Up-regulado"
"BGN",1.44950121527776,0.0496142857142858,14.1199525879209,2.40845079233753e-40,2.36750712886779e-37,80.8202267011999,"Up-regulado"
"H3C2",1.41538663194443,-0.0566645833333331,14.1141350443611,2.57096747700802e-40,2.38521455302921e-37,80.7556922051395,"Up-regulado"
"H3C11",1.38596562499999,-0.0589616071428571,14.1103714091184,2.68188175904125e-40,2.38521455302921e-37,80.7139500901029,"Up-regulado"
"H3C10",1.40476128472221,-0.0568005952380954,14.1050930094766,2.84551278746666e-40,2.41571101506886e-37,80.6554187347718,"Up-regulado"
"H4C12",1.42575243055554,-0.0397309523809526,14.099806228436,3.0193730140818e-40,2.45186216452199e-37,80.5968071620067,"Up-regulado"
"H3C7",1.39771545138887,-0.0200473214285717,14.049926857125,5.28015820463395e-40,4.10906311616451e-37,80.044450747882,"Up-regulado"
"SULF1",1.43114687499999,0.0991538690476194,13.9866561381646,1.07110168519775e-39,8.00198646977538e-37,79.3454421393082,"Up-regulado"
"RBPMS",-1.38173368055554,0.0917065476190477,-13.9810598230288,1.14015169874372e-39,8.19023587593713e-37,79.2837033633602,"Down-regulado"
"RND3",1.3329376736111,-0.16621755952381,13.9757953344031,1.20914973128789e-39,8.36418130787551e-37,79.2256385145297,"Up-regulado"
"DPY19L2",-1.37000052083332,0.0668282738095241,-13.9377840669491,1.8473906542943e-39,1.22937317463708e-36,78.8067725504637,"Down-regulado"
"PCM1",-1.39238871527776,0.0884520833333331,-13.9348460640747,1.90886234751166e-39,1.22937317463708e-36,78.7744250454864,"Down-regulado"
"STMN1",1.34514687499999,-0.106111607142857,13.9047740885341,2.66797140947296e-39,1.66099006715755e-36,78.4435622755785,"Up-regulado"
"APMAP",1.41426076388887,-0.147253869047619,13.8936382427794,3.0198109967204e-39,1.81938741889506e-36,78.321148454551,"Up-regulado"
"TPPP3",-1.39380972222221,0.0307571428571431,-13.8683434376267,4.00026331346582e-39,2.33477868455004e-36,78.0433033798835,"Down-regulado"
"CDKN2A",1.35643524305554,-0.0395023809523811,13.6741940203342,3.42749860053522e-38,1.93986034430898e-35,75.9207355870448,"Up-regulado"
"SPATA18",-1.36243784722221,0.0827136904761901,-13.6683696494536,3.6546302340172e-38,2.00757437884527e-35,75.8573360106024,"Down-regulado"
"WNK2",-1.39105451388888,0.0525452380952382,-13.6636581710644,3.84928368924194e-38,2.05408775611348e-35,75.8060623771173,"Down-regulado"
"MAOB",-1.36800868055554,0.14091369047619,-13.6401577442833,4.98564042695561e-38,2.58657795150694e-35,75.5504727408731,"Down-regulado"
"H2AC11",1.33730069444443,-0.0561232142857143,13.5890369580651,8.74380614591874e-38,4.41373155100877e-35,74.9954003751939,"Up-regulado"
"TMA7",1.35419270833332,-0.218326488095238,13.5327745971286,1.62026704562083e-37,7.9636125292264e-35,74.3859566321961,"Up-regulado"
"OVGP1",-1.36368802083332,0.136698214285714,-13.5231193388591,1.80091000130169e-37,8.62451181905428e-35,74.2815232192251,"Down-regulado"
"RSPH1",-1.37180225694443,0.0884467261904763,-13.4701366508811,3.21399517145857e-37,1.50069469543329e-34,73.70925732119,"Down-regulado"
"C20orf85",-1.34929374999999,0.0990604166666668,-13.456556403776,3.72757511418286e-37,1.69804683920959e-34,73.5627973917687,"Down-regulado"
"YEATS2",1.3042829861111,-0.0106809523809525,13.4207451950377,5.5082325027799e-37,2.44945853462905e-34,73.1770141179706,"Up-regulado"
"IFI6",1.30850677083332,-0.0616973214285714,13.3790081829382,8.67591669862051e-37,3.76837432977059e-34,72.7281881264279,"Up-regulado"
"RAN",1.32926145833332,-0.0988925595238091,13.3388649297975,1.3419391774787e-36,5.69622682222038e-34,72.2973107336259,"Up-regulado"
"TUBB",1.35916822916665,-0.00693630952380961,13.336580535743,1.37562936424636e-36,5.70947325245097e-34,72.2728151524008,"Up-regulado"
"FYB2",-1.30669097222221,0.0290333333333335,-13.3317631125429,1.44946267573162e-36,5.88513356405208e-34,72.2211663414399,"Down-regulado"
"TTYH3",1.36373281249999,-0.186809226190476,13.3242054218655,1.57332368529197e-36,6.25212052557406e-34,72.1401615921073,"Up-regulado"
"MAP6",-1.33082968749999,0.0737782738095237,-13.2882441874753,2.32324582799186e-36,9.03984631862582e-34,71.7551105364892,"Down-regulado"
"SNRPB",1.34894670138888,-0.0762815476190478,13.2721070821371,2.7667200850333e-36,1.05457206179932e-33,71.5825331966854,"Up-regulado"
"SLC7A2",-1.32300624999999,0.0112723214285715,-13.2522878031123,3.42823268534467e-36,1.26699827773773e-33,71.3707546499914,"Down-regulado"
"DDX17",-1.33296215277777,0.0571127976190476,-13.25144256396,3.45970510063844e-36,1.26699827773773e-33,71.3617272205423,"Down-regulado"
"ZNF516",-1.29866545138887,0.0324181547619044,-13.2404002638473,3.8982849812478e-36,1.40015901143779e-33,71.2438246478995,"Down-regulado"
"ISG15",1.34346024305554,0.036599404761905,13.2247709766052,4.61524742632457e-36,1.62639577700875e-33,71.0770494064396,"Up-regulado"
"ARPC1B",1.31691545138888,0.0205678571428571,13.2134686133695,5.21416179673021e-36,1.80342407180611e-33,70.9565216264324,"Up-regulado"
"CDHR3",-1.33359305555554,0.0997226190476192,-13.2005461718606,5.99425854743271e-36,2.0355412161891e-33,70.8187959022196,"Down-regulado"
"CDK2AP1",1.36229531249999,-0.012306547619048,13.1952380069662,6.34742413686743e-36,2.11697929650487e-33,70.7622464472768,"Up-regulado"
"PIM1",1.26386770833332,-0.0700872023809526,13.1812282989339,7.38219995478277e-36,2.41890085185049e-33,70.6130648674911,"Up-regulado"
"USP53",-1.33648576388888,0.062563095238095,-13.1545344770634,9.84096776431396e-36,3.1689612919671e-33,70.3290906359743,"Down-regulado"
"CDKL1",-1.3055064236111,0.0825696428571428,-13.1463448720728,1.07475849038334e-35,3.40224819065925e-33,70.2420399849795,"Down-regulado"
"TTYH1",-1.30232274305554,0.0311747023809526,-13.138271971262,1.17226063164204e-35,3.64905196952972e-33,70.1562629714199,"Down-regulado"
"SH3BGRL3",1.31556822916665,-0.00424702380952332,13.1339723244464,1.22773473802012e-35,3.75908224622981e-33,70.1105913615925,"Up-regulado"
"CRYZ",-1.32632812499999,0.103174702380953,-13.1159933409624,1.48945261969868e-35,4.45399842513757e-33,69.9197167046395,"Down-regulado"
"COL1A1",1.34635572916666,0.180578869047619,13.1151881512661,1.50239278676269e-35,4.45399842513757e-33,69.9111722011024,"Up-regulado"
"PEA15",1.29819131944443,-0.0569208333333333,13.1009321814385,1.75095259056027e-35,5.10977211467098e-33,69.7599452509042,"Up-regulado"
"ADAM15",1.31854045138888,-0.236144047619048,13.0589916823315,2.74554412439191e-35,7.88900424788733e-33,69.31563987108,"Up-regulado"
"TNFRSF12A",1.28759305555554,-0.165695238095238,13.0545283410487,2.8800186861395e-35,8.15001651530719e-33,69.2684092266342,"Up-regulado"
"CDV3",1.2963142361111,-0.0628752976190481,13.0500448906335,3.02169977724282e-35,8.37886124774364e-33,69.2209760111186,"Up-regulado"
"ZMYND10",-1.31942604166666,0.115882738095238,-13.0491557660915,3.05061072359891e-35,8.37886124774364e-33,69.2115706262852,"Down-regulado"
"H2BC17",1.31896770833332,-0.0291416666666662,13.0387155658143,3.41140261553832e-35,9.23402415223323e-33,69.1011617083872,"Up-regulado"
"IGFBP2",1.26302812499999,-0.13233244047619,13.0204305273935,4.1485748977283e-35,1.10689904806959e-32,68.9079248710055,"Up-regulado"
"C9orf24",-1.31281354166665,0.0773562499999997,-13.0181998609521,4.24873071002936e-35,1.11765554184815e-32,68.8843628170103,"Down-regulado"
"ADAR",1.33434097222221,-0.0883791666666666,13.0126136644881,4.51023635243945e-35,1.16996783825711e-32,68.825368185002,"Up-regulado"
"ANLN",1.30422951388888,-0.0329788690476192,12.9883526657175,5.8449041133417e-35,1.4855934612318e-32,68.5693383769831,"Up-regulado"
"H2BC10",1.29585572916665,-0.0456389880952382,12.9876955927438,5.88605858173976e-35,1.4855934612318e-32,68.562408388645,"Up-regulado"
"ECHDC2",-1.33734652777777,0.042357738095238,-12.9776727001155,6.55079536486835e-35,1.63132273372862e-32,68.4567268588638,"Down-regulado"
"SUPT7L",1.37085677083332,-0.0984613095238097,12.9582624625603,8.05791480726074e-35,1.98023256388433e-32,68.2522118011265,"Up-regulado"
"H3C13",1.25910937499999,-0.143320238095238,12.9551709556416,8.32794836794601e-35,2.00562617165742e-32,68.2196561753659,"Up-regulado"
"YWHAG",1.27388871527777,-0.0634523809523812,12.9546311339621,8.37601549441981e-35,2.00562617165742e-32,68.2139719983152,"Up-regulado"
"UBE2C",1.2882079861111,-0.0851369047619045,12.9357610130206,1.02415995737128e-34,2.42129563592702e-32,68.0153690508957,"Up-regulado"
"VCAN",1.34272604166666,0.0704592261904766,12.9115421997702,1.325363295506e-34,3.09422628377069e-32,67.7607417701971,"Up-regulado"
"TSNAXIP1",-1.29488437499999,0.160611011904762,-12.9097901423992,1.35029873446468e-34,3.11352215599961e-32,67.7423330697098,"Down-regulado"
"CFL1",1.30228246527776,-0.0379502976190477,12.898993261646,1.51460301486869e-34,3.44978542789055e-32,67.6289263179467,"Up-regulado"
"HSPG2",1.3084798611111,-0.0849937499999999,12.8802451943205,1.84854807702043e-34,4.11154868409684e-32,67.4321464562924,"Up-regulado"
"DDX39A",1.25688958333332,-0.0724705357142859,12.8802133622481,1.84917325836127e-34,4.11154868409684e-32,67.4318125015727,"Up-regulado"
"FAXDC2",-1.30477499999999,0.178679464285714,-12.8572765418052,2.35903866708527e-34,5.18350178648843e-32,67.1913158683903,"Down-regulado"
"MTCH2",1.33357743055554,-0.102447023809523,12.84501124127,2.68682539991407e-34,5.83509744118546e-32,67.06282422671,"Up-regulado"
"GRN",1.29133472222221,-0.0322583333333329,12.8268241083371,3.25808413019074e-34,6.99439509190487e-32,66.8724394944302,"Up-regulado"
"ECT2",1.28888368055555,-0.0403910714285716,12.8241776089669,3.35072655762037e-34,7.11153635416769e-32,66.8447500444628,"Up-regulado"
"PRR29",-1.31387065972221,0.103061011904762,-12.819844817117,3.50809211162968e-34,7.36186925493342e-32,66.7994253609974,"Down-regulado"
"SAXO2",-1.3052986111111,0.0773175595238095,-12.8115657754938,3.82952558877882e-34,7.94711660240244e-32,66.7128468043594,"Down-regulado"
"ARL4C",1.2591470486111,-0.157186904761905,12.767363887963,6.11166276021079e-34,1.25436841068634e-31,66.2512096114115,"Up-regulado"
"H4C15",1.27194496527777,-0.0825874999999998,12.7650437527288,6.26330049585703e-34,1.27151808001219e-31,66.2270067799423,"Up-regulado"
"GLMP",1.29577239583332,-0.0610184523809522,12.7320555993674,8.87170852152884e-34,1.78168709738273e-31,65.8831919567489,"Up-regulado"
"TEKT1",-1.28880781249999,0.0941303571428572,-12.7265677170145,9.40020586771305e-34,1.86774090416252e-31,65.8260507406587,"Down-regulado"
"THEMIS2",1.26865937499999,-0.096633630952381,12.6979566098096,1.27069640804822e-33,2.4981891382228e-31,65.5284018533938,"Up-regulado"
"ATRX",1.2922079861111,-0.204891369047619,12.6951257847345,1.30913217401739e-33,2.54694391813778e-31,65.4989755261271,"Up-regulado"
"NPDC1",-1.28850503472221,-0.0836273809523811,-12.6871868112665,1.42320787394054e-33,2.74033540841107e-31,65.4164727718197,"Down-regulado"
"CFAP46",-1.28924305555554,0.166723511904762,-12.6651879655795,1.79365071910657e-33,3.41836882456667e-31,65.1880323994885,"Down-regulado"
"AGR2",-1.30526006944443,0.123105952380953,-12.6339237816783,2.49075610083831e-33,4.69897491872293e-31,64.863820373342,"Down-regulado"
"DLEC1",-1.29769531249999,0.054036011904762,-12.6155164176556,3.02120601188027e-33,5.64270646838878e-31,64.6731775346236,"Down-regulado"
"ROPN1L",-1.2861751736111,0.0956315476190479,-12.6107992815984,3.17435307244067e-33,5.87003884494796e-31,64.6243517661718,"Down-regulado"
"ACTR2",1.29218090277777,-0.0509571428571435,12.5952258657716,3.73694859251011e-33,6.84264596689326e-31,64.4632398799231,"Up-regulado"
"SERPINE1",1.28211493055554,-0.0351773809523809,12.578793455205,4.438403376726e-33,8.01867950164608e-31,64.2933817768577,"Up-regulado"
"MBOAT2",1.28862065972221,-0.0783491071428573,12.5782208291369,4.46507826830429e-33,8.01867950164608e-31,64.2874652724004,"Up-regulado"
"ACTL6A",1.28605989583332,0.000308630952381107,12.5613523490188,5.32664790819834e-33,9.43740846775255e-31,64.1132549345706,"Up-regulado"
"ATP5MG",1.31774409722221,-0.121951488095238,12.5608243185581,5.35613480527799e-33,9.43740846775255e-31,64.1078041234664,"Up-regulado"
"DNAH9",-1.26891545138888,0.107349404761905,-12.4889734594138,1.13366184218647e-32,1.97882263799222e-30,63.3674899035023,"Down-regulado"
"TMEM165",1.23575607638888,-0.12365744047619,12.475404757843,1.30569712942762e-32,2.2580097487333e-30,63.2279969425276,"Up-regulado"
"ODAD1",-1.2828626736111,0.0787678571428568,-12.4681716101852,1.40777681920193e-32,2.41220620662702e-30,63.1536772268218,"Down-regulado"
"STAT1",1.25322690972221,-0.0468824404761905,12.4506812451232,1.68862668948389e-32,2.86713460722643e-30,62.9740827263895,"Up-regulado"
"SGPL1",1.25676302083332,-0.032779464285714,12.4472750094613,1.74948597653414e-32,2.94370716970524e-30,62.9391260869732,"Up-regulado"
"SFRP2",1.31477638888888,0.146829761904762,12.4311864505981,2.06777108426242e-32,3.42718004514778e-30,62.7741015174126,"Up-regulado"
"BAIAP3",-1.26717065972221,0.0842398809523811,-12.4309190982161,2.07352007871553e-32,3.42718004514778e-30,62.7713603990792,"Down-regulado"
"HMGA1",1.26266249999999,-0.0191360119047621,12.4261020523188,2.17987077903252e-32,3.57135495964828e-30,62.7219786925978,"Up-regulado"
"PIFO",-1.28123593749999,0.083651488095238,-12.4124223413196,2.51240562045492e-32,4.08036519767274e-30,62.5818104853926,"Down-regulado"
"HYDIN",-1.28274913194443,0.0269738095238092,-12.3820302304445,3.4428600040561e-32,5.54330140480653e-30,62.2707639201133,"Down-regulado"
"FAM183A",-1.25004444444443,0.0912083333333332,-12.3720452448308,3.81790948420698e-32,6.09462354158409e-30,62.168682855114,"Down-regulado"
"TUBA4B",-1.25379809027776,0.14009494047619,-12.3642263543737,4.13974598920814e-32,6.5523759186814e-30,62.0887847336746,"Down-regulado"
"VWA3A",-1.27297708333332,0.0928738095238097,-12.35366579935,4.61767479944128e-32,7.24742119572813e-30,61.9809236183619,"Down-regulado"
"TMEM231",-1.27441475694443,0.0196175595238094,-12.3483929886999,4.87646082882289e-32,7.58980490832709e-30,61.9270921305708,"Down-regulado"
"CFAP43",-1.26808263888888,0.127131845238095,-12.3269840973702,6.08400096357761e-32,9.37534190395114e-30,61.7086794534879,"Down-regulado"
"GPX1",1.29584513888888,-0.091502380952381,12.3263485868234,6.12406549382684e-32,9.37534190395114e-30,61.7021998345919,"Up-regulado"
"GRB2",1.26090607638888,-0.00820178571428569,12.3189808295584,6.60816005964118e-32,1.00341955637332e-29,61.6270948790915,"Up-regulado"
"ANKRD42",-1.23620052083332,0.124714880952381,-12.3058276423648,7.56892143624623e-32,1.14003827149009e-29,61.4930887993964,"Down-regulado"
"ERICH3",-1.2451970486111,0.162813392857143,-12.2901087592578,8.900882981562e-32,1.32993433157307e-29,61.3330677165064,"Down-regulado"
"FAM3C",1.24216493055554,-0.0965925595238094,12.2595460138544,1.21939348459233e-31,1.80750889775643e-29,61.0223224502573,"Up-regulado"
"CAPS",-1.26130052083332,0.0174556547619049,-12.2465649030566,1.39361383983626e-31,2.04949021154502e-29,60.8904933762936,"Down-regulado"
"CFAP157",-1.25542638888888,0.0877080357142858,-12.2428324544154,1.44814243681126e-31,2.11304346033781e-29,60.8526058812989,"Down-regulado"
"DRC3",-1.25216180555554,0.0907279761904763,-12.2365655520961,1.54451201262387e-31,2.23618998912993e-29,60.7890088546652,"Down-regulado"
"SLC20A1",1.23740416666665,-0.0904755952380949,12.2312628068337,1.63101990009965e-31,2.34327374416625e-29,60.7352131226528,"Up-regulado"
"CIBAR2",-1.23313350694444,0.15601369047619,-12.1944338616663,2.38041943636321e-31,3.38817122683752e-29,60.3620171660479,"Down-regulado"
"COL4A1",1.26095104166666,0.0912419642857138,12.1938548790512,2.39459550218211e-31,3.38817122683752e-29,60.3561562071849,"Up-regulado"
"TMEM232",-1.24330607638888,0.13323005952381,-12.1873144063572,2.56068729088538e-31,3.59593658134333e-29,60.289960851569,"Down-regulado"
"CNDP2",-1.23355624999999,0.0954205357142859,-12.1855812480518,2.6065885649692e-31,3.63307870357685e-29,60.272423740275,"Down-regulado"
"LRRC10B",-1.22815243055554,0.12084375,-12.1837146697517,2.65693908128268e-31,3.67582601637901e-29,60.2535384729632,"Down-regulado"
"THY1",1.26840416666666,0.0225684523809521,12.172820891861,2.97069966501713e-31,4.07968806202389e-29,60.1433583486268,"Up-regulado"
"WDR38",-1.24004479166666,0.122053273809524,-12.1599655463566,3.38866069549738e-31,4.61970918319741e-29,60.0134237267435,"Down-regulado"
"TEAD4",1.25028489583332,-0.0703797619047621,12.1552142526537,3.55752208574017e-31,4.81477101415718e-29,59.9654235932152,"Up-regulado"
"SMIM14",-1.2214204861111,0.110851785714286,-12.1520717966509,3.67377744294439e-31,4.93634110085412e-29,59.9336837136808,"Down-regulado"
"WNT11",1.27156024305555,-0.117254464285714,12.1468093899936,3.87698318233515e-31,5.17217249260525e-29,59.8805439289833,"Up-regulado"
"PSMB6",1.2610939236111,-0.0739660714285719,12.1455653544491,3.92663232821153e-31,5.20125616978771e-29,59.8679839129882,"Up-regulado"
"CCDC78",-1.24772916666666,0.0932255952380951,-12.1411596780279,4.10760205843052e-31,5.40265377783851e-29,59.8235103164414,"Down-regulado"
"DHRS1",1.22645607638888,-0.220418154761905,12.1351930947043,4.3659815243615e-31,5.68189090893803e-29,59.7632972266262,"Up-regulado"
"MYBL2",1.1995892361111,-0.0587392857142862,12.1348627981121,4.38074793000523e-31,5.68189090893803e-29,59.7599645459733,"Up-regulado"
"AR",-1.21496284722221,0.0238797619047614,-12.1109859910817,5.59088872550655e-31,7.20145025698522e-29,59.5192098079348,"Down-regulado"
"PDCD5",1.20993229166666,-0.118027380952381,12.109245237087,5.69113038911429e-31,7.28035906010189e-29,59.5016698899571,"Up-regulado"
"H2BS1",1.2529439236111,-0.0644464285714284,12.0990467845601,6.31537208552014e-31,8.01710858170113e-29,59.3989438726795,"Up-regulado"
"PSMD2",1.22766197916666,0.0160934523809522,12.0984659794011,6.352905017357e-31,8.01710858170113e-29,59.3930953450174,"Up-regulado"
"TUBA1C",1.23841093749999,-0.114782142857143,12.0894198140632,6.96696064964447e-31,8.73301503714159e-29,59.3020276559912,"Up-regulado"
"EFCAB1",-1.23411128472221,0.187409226190476,-12.074503461913,8.11098545503824e-31,1.00820959891186e-28,59.1519650065745,"Down-regulado"
"NCAPD2",1.21696440972221,-0.0822005952380954,12.0740182381974,8.15118324333092e-31,1.00820959891186e-28,59.1470856171289,"Up-regulado"
"LAMB1",1.24125590277777,-0.0198988095238101,12.0515791448158,1.02434758924419e-30,1.2586671002838e-28,58.9215834767585,"Up-regulado"
"PLA2G6",-1.22865434027777,0.0733374999999991,-12.0343126097629,1.22100458322364e-30,1.49050343796522e-28,58.748255827551,"Down-regulado"
"DNAJB11",1.21918645833332,-0.0198675595238091,12.0237519590665,1.35934625715517e-30,1.64860454836929e-28,58.6423269977619,"Up-regulado"
"CCDC17",-1.25776614583332,0.106958928571429,-12.0208920149837,1.39942196869831e-30,1.68625832963731e-28,58.6136510872118,"Down-regulado"
"RPN2",1.22250711805554,-0.0762636904761905,12.0086710786823,1.5843355353919e-30,1.89683556375093e-28,58.4911669504203,"Up-regulado"
"CFAP52",-1.2320532986111,0.124146428571429,-12.0002707844396,1.72533780669615e-30,2.05249262520152e-28,58.4070240396595,"Down-regulado"
"SLC52A2",1.18941927083332,-0.0295848214285714,11.9825346953302,2.06535582256098e-30,2.44143358847921e-28,58.2294986472565,"Up-regulado"
"YWHAQ",1.24863229166665,-0.0557479166666668,11.9703939951613,2.33574605569268e-30,2.7436936529668e-28,58.1080816868592,"Up-regulado"
"C22orf15",-1.18582309027776,0.171722916666667,-11.9571506390317,2.67096299599092e-30,3.11784849225765e-28,57.9757325213331,"Down-regulado"
"DNAI1",-1.21882326388888,0.151794047619048,-11.955463897902,2.71695726814539e-30,3.15183918615848e-28,57.9588830011771,"Down-regulado"
"CFAP70",-1.22781666666666,0.0801532738095237,-11.9537298392948,2.7650629581236e-30,3.18784449807867e-28,57.9415624913171,"Down-regulado"
"ACSL5",-1.20477118055554,0.084445535714286,-11.9380905943408,3.23903312182252e-30,3.71137555928093e-28,57.7854282489942,"Down-regulado"
"MRPL47",1.22490104166665,-0.0186663690476193,11.9373441450327,3.26357335370223e-30,3.71669265409125e-28,57.7779795545539,"Up-regulado"
"MAN2B1",1.18505850694443,0.0258431547619043,11.9263285568025,3.64797420176919e-30,4.12928570705716e-28,57.6680936561453,"Up-regulado"
"HOXB3",-1.17761857638888,0.140071428571429,-11.9226943659955,3.78441959833617e-30,4.25659798151529e-28,57.631855963953,"Down-regulado"
"MEX3A",1.21256527777777,-0.10381875,11.9221308090578,3.80602807149464e-30,4.25659798151529e-28,57.626237228668,"Up-regulado"
"CFAP65",-1.20614444444443,0.169460119047619,-11.9005847941735,4.73096950165754e-30,5.25954270133678e-28,57.4115563643546,"Down-regulado"
"H4C8",1.23439427083332,-0.0378264880952382,11.8999331459913,4.76218000615534e-30,5.2629133712996e-28,57.4050675744346,"Up-regulado"
"THRA",-1.20508819444443,0.0528544642857142,-11.8938568697073,5.06323722892841e-30,5.56271068968799e-28,57.3445746860603,"Down-regulado"
"H2AC12",1.21030937499999,-0.0625407738095238,11.8880529290768,5.36845134506057e-30,5.86354185799394e-28,57.2868127361918,"Up-regulado"
"CALU",1.20084201388888,0.000912202380952222,11.8753647799635,6.10088705061228e-30,6.61436222449041e-28,57.1606048099285,"Up-regulado"
"H2AC13",1.19716493055554,-0.071828273809524,11.874945682032,6.12670485001253e-30,6.61436222449041e-28,57.156437648675,"Up-regulado"
"CCDC187",-1.24379184027777,0.140652083333334,-11.8624103166588,6.95123014792075e-30,7.46138652142045e-28,57.0318428433622,"Down-regulado"
"UBXN10",-1.21948177083332,0.0550863095238098,-11.8570619498665,7.3357702243707e-30,7.82915317031837e-28,56.9787103175968,"Down-regulado"
"ULK4",-1.22619218749999,0.1137875,-11.8533533872731,7.61475755568667e-30,8.08072879929318e-28,56.9418777917464,"Down-regulado"
"H3C3",1.20464184027777,-0.0351327380952383,11.8514849777206,7.75928536988526e-30,8.18758038719475e-28,56.9233241952117,"Up-regulado"
"USP17L11",-1.18413593749999,0.137499107142857,-11.8376360092541,8.91907593412848e-30,9.3585157989729e-28,56.7858641779365,"Down-regulado"
"PXDN",1.2211470486111,0.0743336309523808,11.8304304713196,9.58910023541835e-30,1.00053421841848e-27,56.7143880409621,"Up-regulado"
"CAPSL",-1.20947916666665,0.098035119047619,-11.8276045484624,9.8653335648823e-30,1.02363797217393e-27,56.6863641207305,"Down-regulado"
"PTBP1",1.2071673611111,-0.250609226190476,11.822624571193,1.03715188947794e-29,1.07021468728064e-27,56.6369901824915,"Up-regulado"
"DNAAF1",-1.21223784722221,0.0873267857142857,-11.8198072163535,1.06692383837677e-29,1.09488662249246e-27,56.609063854502,"Down-regulado"
"CCN1",1.20639461805554,-0.199310714285714,11.8030371041873,1.26256638055372e-29,1.2885766278471e-27,56.4429287245525,"Up-regulado"
"DNAH11",-1.21802569444443,0.136188988095238,-11.8003131254236,1.2975516757122e-29,1.3170854699607e-27,56.4159585773614,"Down-regulado"
"CFAP100",-1.23106840277777,0.109294047619048,-11.7977958010844,1.33073908023819e-29,1.34347101630317e-27,56.3910383162234,"Down-regulado"
"UBE2L6",1.20783402777777,-0.0489526785714291,11.7838543256183,1.53041351018771e-29,1.5367490929987e-27,56.2530907224133,"Up-regulado"
"ATP13A3",1.15609513888888,-0.0824369047619046,11.7822591547035,1.55508007022919e-29,1.55316740490217e-27,56.2373140268703,"Up-regulado"
"KIAA0825",-1.18697430555554,0.109890476190476,-11.7571804665504,1.99912371570707e-29,1.98604434246069e-27,55.9894716684005,"Down-regulado"
"MT2A",1.17079270833332,-0.031678571428572,11.7558917839456,2.02507409267354e-29,2.00118036131554e-27,55.9767459614086,"Up-regulado"
"EMP1",1.17481006944443,-0.090223511904762,11.7321147221012,2.56869824465098e-29,2.52503037449191e-27,55.7421204820586,"Up-regulado"
"MPZL1",1.2038220486111,-0.0746663690476193,11.7270353065737,2.70244224272988e-29,2.64259234384638e-27,55.6920406466316,"Up-regulado"
"EFCAB6",-1.1854657986111,0.148416666666667,-11.7204227369204,2.88697846189035e-29,2.80833837149615e-27,55.6268672850716,"Down-regulado"
"FAM166B",-1.19862378472221,0.122795238095238,-11.7145302993424,3.06194434573538e-29,2.9631054168549e-27,55.5688128984784,"Down-regulado"
"DNAAF3",-1.2099189236111,0.0300773809523809,-11.7057374959236,3.34281893019879e-29,3.21823861645994e-27,55.4822205453518,"Down-regulado"
"CES4A",-1.19080104166666,0.106293154761905,-11.7051149455663,3.36364988277622e-29,3.22168660823649e-27,55.4760913126154,"Down-regulado"
"RAB5IF",1.19168940972221,-0.0614806547619048,11.684826837268,4.11793545481747e-29,3.9240143106952e-27,55.2764708385617,"Up-regulado"
"SNTN",-1.19662708333332,0.0940848214285714,-11.6836836054032,4.16512312105233e-29,3.94883271735505e-27,55.2652293785705,"Down-regulado"
"LDLRAD1",-1.20515815972221,0.0747916666666664,-11.6824917143761,4.21489165813575e-29,3.97583492419199e-27,55.2535102602329,"Down-regulado"
"PDLIM7",1.19308802083332,0.0124125000000005,11.6775027383559,4.42970805571488e-29,4.15747021892397e-27,55.2044657561595,"Up-regulado"
"RNASEH2A",1.17248993055555,-0.0340178571428573,11.6748500861381,4.54832318633442e-29,4.24745160755839e-27,55.178394559745,"Up-regulado"
"ILF2",1.18559774305554,-0.142564285714286,11.6587808946013,5.33744974154625e-29,4.95957954342584e-27,55.020548548036,"Up-regulado"
"MYO15B",-1.1833939236111,-0.0104839285714283,-11.6567896011135,5.44426841773616e-29,5.03379214049793e-27,55.0009987605756,"Down-regulado"
"KRT17",1.14946354166665,-0.14130505952381,11.651925403561,5.71421818191762e-29,5.25165147571579e-27,54.953253584105,"Up-regulado"
"RPL39L",1.20680069444444,-0.0493122023809521,11.6515406654902,5.73612946964728e-29,5.25165147571579e-27,54.9494777257217,"Up-regulado"
"HOATZ",-1.19958072916666,0.134293452380952,-11.6364457660924,6.66502331179721e-29,6.07232392167983e-27,54.8014030702064,"Down-regulado"
"ABHD16A",1.21858159722221,-0.208593452380952,11.6351261661488,6.75300740740172e-29,6.12261744407971e-27,54.7884646729648,"Up-regulado"
"H1-3",1.18234652777777,-0.0285508928571429,11.6265557518733,7.35321820661048e-29,6.6345920987857e-27,54.7044583573991,"Up-regulado"
"CCDC137",1.21896197916665,-0.164368452380952,11.6232681562806,7.59727892003757e-29,6.82184511488181e-27,54.6722450849652,"Up-regulado"
"ABO",-1.1915579861111,0.102472916666667,-11.6208265479554,7.78373176574229e-29,6.95582575065879e-27,54.6483252511765,"Down-regulado"
"NNMT",1.17976440972221,0.0321148809523814,11.6074428030037,8.88956237810917e-29,7.87936784113358e-27,54.5172700061722,"Up-regulado"
"ICAM1",1.19413680555554,0.0169437499999996,11.6069714196219,8.93123504228799e-29,7.87936784113358e-27,54.5126560759616,"Up-regulado"
"NXF3",-1.20323315972221,0.128891666666667,-11.6068301743047,8.94375960978914e-29,7.87936784113358e-27,54.5112735832593,"Down-regulado"
"COTL1",1.1854907986111,-0.0248122023809525,11.5914278634753,1.04197034084805e-28,9.13656340658169e-27,54.3605877375226,"Up-regulado"
"MAPRE3",-1.18571944444443,0.107467857142857,-11.5881126347967,1.0767766583179e-28,9.39764376046888e-27,54.3281719707519,"Down-regulado"
"ALDH1A2",-1.15696805555554,0.0131315476190477,-11.5775258973556,1.19585121710379e-28,1.03883317124872e-26,54.2246997787312,"Down-regulado"
"KIF1A",1.14508090277777,-0.116954166666667,11.5722923686815,1.25946155290891e-28,1.08902608442962e-26,54.1735728640496,"Up-regulado"
"NRAS",1.1715564236111,-0.0809476190476191,11.5716911345311,1.26698125037123e-28,1.0904796688103e-26,54.1677003727178,"Up-regulado"
"STK4",1.16854531249999,-0.114940178571428,11.5632009198556,1.37805903458892e-28,1.18064259582648e-26,54.0847957870355,"Up-regulado"
"IFI30",1.20328732638888,-0.0604309523809524,11.560746769633,1.4119336139507e-28,1.20414082683823e-26,54.0608395917387,"Up-regulado"
"WIPI1",1.19933124999999,-0.11222380952381,11.5582694988197,1.44696669835844e-28,1.22840895569276e-26,54.0366612990375,"Up-regulado"
"SPANXA1",1.17643593749999,-0.19602619047619,11.5520637179198,1.5385672279726e-28,1.30026335370336e-26,53.9761084122245,"Up-regulado"
"APOE",1.18531302083332,-0.0229696428571429,11.5386718914876,1.75634493043276e-28,1.47762406602219e-26,53.8455150038988,"Up-regulado"
"RSPH4A",-1.17797430555555,0.104197619047619,-11.5325628848,1.8656131866355e-28,1.56251378864535e-26,53.7859767634139,"Down-regulado"
"NABP1",1.15761493055554,-0.119690773809524,11.5254524609469,2.00132749140408e-28,1.66869614093545e-26,53.7167064604383,"Up-regulado"
"H2AC16",1.17266927083332,0.00890119047619034,11.5083249882075,2.36987127233755e-28,1.96720381126437e-26,53.5499718529306,"Up-regulado"
"TMEM30A",1.19755295138888,-0.16475,11.5076353261287,2.38604707179125e-28,1.97186730795775e-26,53.5432616771478,"Up-regulado"
"CCDC170",-1.17342586805554,0.095998511904762,-11.5021310786121,2.51914261770701e-28,2.07268839959973e-26,53.4897173145547,"Down-regulado"
"GNAS",1.18381944444443,-0.115915476190476,11.4914819068816,2.79794595095169e-28,2.2919840581546e-26,53.3861749111127,"Up-regulado"
"UCHL1",1.15609010416665,0.000522916666667434,11.4885134280101,2.88098830978326e-28,2.34970387169528e-26,53.3573242147887,"Up-regulado"
"LRRC46",-1.1886704861111,0.0961250000000002,-11.4822233894028,3.06513230964904e-28,2.48902070205718e-26,53.2962084708749,"Down-regulado"
"CRISP2",-1.17783402777777,0.137736904761905,-11.476252155353,3.25075156843445e-28,2.62832411444373e-26,53.2382120132693,"Down-regulado"
"DNAI2",-1.17131944444443,0.131024702380952,-11.4692128919846,3.48396484343072e-28,2.80474186986015e-26,53.169869321529,"Down-regulado"
"PLLP",-1.15389635416665,0.132492261904762,-11.4550492376852,4.00478381666269e-28,3.21018658127936e-26,53.0324465585513,"Down-regulado"
"COL8A1",1.22998177083332,0.0844636904761903,11.4541854418376,4.03894031443106e-28,3.22373026720636e-26,53.0240694390464,"Up-regulado"
"UQCC2",1.19157499999999,-0.0517124999999998,11.4514952823321,4.14718139969217e-28,3.29603859583194e-26,52.9979830270429,"Up-regulado"
"TFF3",-1.19063715277777,0.131727976190476,-11.4504993370378,4.18798130320317e-28,3.31436130508159e-26,52.9883264602007,"Down-regulado"
"AKR1B1",1.1732751736111,-0.0289985119047617,11.4495204635473,4.2284705295978e-28,3.33228456039233e-26,52.9788359939437,"Up-regulado"
"CEBPB",1.16573836805554,-0.168147321428571,11.4477109589972,4.30434423748956e-28,3.37782509762994e-26,52.9612938148154,"Up-regulado"
"CTSZ",1.17451197916666,-0.0146163690476188,11.4243785396326,5.41282056738897e-28,4.22992676724367e-26,52.7352729512407,"Up-regulado"
"TP53BP2",1.15624791666666,-0.0726755952380953,11.4160387375454,5.87435597299569e-28,4.57147277115169e-26,52.6545640255848,"Up-regulado"
"HDGF",1.15931857638888,-0.124112202380952,11.4148248695668,5.94471671457426e-28,4.60703211942338e-26,52.6428202026026,"Up-regulado"
"TBL1XR1",1.17237690972221,-0.0695074404761901,11.403080487554,6.67023174718182e-28,5.14793051000474e-26,52.5292420699794,"Up-regulado"
"VASP",1.17688993055554,0.00708035714285742,11.3783735709953,8.49632857819964e-28,6.53028513806727e-26,52.2905740825653,"Up-regulado"
"SHKBP1",1.17487708333332,-0.0478104166666667,11.3743597538264,8.83667924861303e-28,6.76404337403055e-26,52.2518351974455,"Up-regulado"
"CNN2",1.18698177083332,0.0157267857142856,11.3675788237647,9.4427175841052e-28,7.19843413544216e-26,52.1864117474524,"Up-regulado"
"DYDC2",-1.17250086805554,0.141051190476191,-11.3650762766363,9.6766658319203e-28,7.34679218466567e-26,52.1622737437749,"Down-regulado"
"LMNB1",1.15369722222221,-0.0584937500000001,11.3575030051985,1.04203146477378e-27,7.8793609990202e-26,52.0892495570244,"Up-regulado"
"CIRBP",-1.1487236111111,0.032783630952381,-11.3081568111637,1.68668423339637e-27,1.27025005754613e-25,51.6142785200123,"Down-regulado"
"PTMA",1.17018368055555,-0.1506625,11.3049890351058,1.73955727058627e-27,1.302778754543e-25,51.5838377733762,"Up-regulado"
"MORN5",-1.15402065972221,0.171247321428572,-11.3047373753641,1.74382764167559e-27,1.302778754543e-25,51.5814197078864,"Down-regulado"
"TRIP12",1.1803517361111,-0.116569345238095,11.2947914311125,1.92120525482351e-27,1.42957571889795e-25,51.485884923733,"Up-regulado"
"RIBC1",-1.14264583333332,0.12932380952381,-11.2942829587426,1.93074026450686e-27,1.4309696793728e-25,51.4810024437448,"Down-regulado"
"DNAJB13",-1.18203090277777,0.136224702380952,-11.2873068541557,2.06640611807711e-27,1.52363284394414e-25,51.4140318617838,"Down-regulado"
"ANKRD66",-1.14919114583332,0.165763988095238,-11.2870250096982,2.07208193158329e-27,1.52363284394414e-25,51.4113267724688,"Down-regulado"
"CAPS2",-1.15966666666666,0.14126875,-11.2786908521029,2.24710176051793e-27,1.64584782671346e-25,51.331358772257,"Down-regulado"
"NME5",-1.16016493055555,0.1016625,-11.2728360665179,2.37876305058868e-27,1.73547490218143e-25,51.2752059313852,"Down-regulado"
"H2BC11",1.16632812499999,0.00629553571428545,11.2611331229861,2.6653439367974e-27,1.93181717079137e-25,51.1630258511339,"Up-regulado"
"KNDC1",-1.15262951388888,0.0896315476190477,-11.2610086262023,2.66857005977499e-27,1.93181717079137e-25,51.1618329158869,"Down-regulado"
"RCC2",1.16285434027777,-0.171204166666667,11.2561511931059,2.79751748078053e-27,2.01734494164239e-25,51.1152960298006,"Up-regulado"
"SPAG8",-1.16261475694443,0.101656845238096,-11.2534915893455,2.87072401304694e-27,2.06217355352607e-25,51.0898216034036,"Down-regulado"
"CUTA",1.15846493055555,-0.0347952380952385,11.2434146389215,3.16578083620636e-27,2.25969538665164e-25,50.9933405794129,"Up-regulado"
"MYO9B",1.1396329861111,-0.0417306547619049,11.2432810198253,3.16988912192928e-27,2.25969538665164e-25,50.9920616659434,"Up-regulado"
"FAM13C",-1.13346684027777,0.12719255952381,-11.2411200875792,3.23707003142844e-27,2.29881205235699e-25,50.9713801547686,"Down-regulado"
"AGBL4",-1.14267395833332,0.0838190476190477,-11.240079272737,3.26993068197203e-27,2.31335209648453e-25,50.9614198961407,"Down-regulado"
"FCF1",-1.15378072916666,0.145949107142857,-11.2330582785805,3.50042431931593e-27,2.46707264195712e-25,50.8942484097733,"Down-regulado"
"CFAP91",-1.1597204861111,0.0661842261904761,-11.2257819915253,3.75633971780893e-27,2.63748710186155e-25,50.8246659898596,"Down-regulado"
"DBN1",1.13176197916666,-0.0228252976190475,11.2229736921571,3.86000918550928e-27,2.69803313179194e-25,50.7978190813951,"Up-regulado"
"RBM14",-1.13281354166666,0.112847023809524,-11.2226680669686,3.87146158012657e-27,2.69803313179194e-25,50.7948976402881,"Down-regulado"
"FNDC3B",1.17657916666666,0.0548877976190479,11.2210830941347,3.93139745320663e-27,2.72961748080075e-25,50.7797479494791,"Up-regulado"
"OBSCN",1.17784895833332,-0.206231547619048,11.2133830812819,4.23595219377779e-27,2.93018070826621e-25,50.7061703816796,"Up-regulado"
"NKD2",1.20572638888888,0.128723214285714,11.1900384686792,5.31003620166038e-27,3.65961424864985e-25,50.4833206585259,"Up-regulado"
"TMEM190",-1.15494444444443,0.101986309523809,-11.1727485392526,6.27619206472146e-27,4.30957497032363e-25,50.318483057761,"Down-regulado"
"NWD1",-1.15995052083332,0.199293452380952,-11.1671492672747,6.62506529808844e-27,4.53246683415376e-25,50.2651400986664,"Down-regulado"
"PEPD",1.15162847222221,-0.0538824404761903,11.1661674170876,6.68819688342005e-27,4.55895814568016e-25,50.2557882091703,"Up-regulado"
"CFAP74",-1.14807795138888,0.114863988095238,-11.1546997478248,7.47132105191918e-27,5.07424957406162e-25,50.1466049003692,"Down-regulado"
"MRPL14",1.1773298611111,0.00795327380952359,11.146527723292,8.08434215126079e-27,5.47069776663398e-25,50.0688482647924,"Up-regulado"
"CBX3",1.14896163194443,-0.120267559523809,11.1380319154468,8.77465804742327e-27,5.91003037144633e-25,49.988054058794,"Up-regulado"
"RPL22L1",1.12472881944443,-0.0152952380952383,11.1377698964651,8.79685411608973e-27,5.91003037144633e-25,49.9855629875852,"Up-regulado"
"H2BC9",1.13563402777777,0.0587815476190479,11.1347298717858,9.05849374093391e-27,6.06399597130547e-25,49.9566638809409,"Up-regulado"
"C4orf47",-1.14364010416666,0.155989880952381,-11.1334166045965,9.17389763897598e-27,6.11931736439837e-25,49.9441814366226,"Down-regulado"
"EIF2AK2",1.14577916666666,0.00788779761904764,11.1322671141624,9.27610759908923e-27,6.16547550278254e-25,49.9332565353865,"Up-regulado"
"EPSTI1",1.13670781249999,-0.0212160714285718,11.1253672523469,9.91384184513079e-27,6.56598667168467e-25,49.8676963586698,"Up-regulado"
"MSN",1.14501597222221,-0.0105413690476187,11.1226868324121,1.01731690631751e-26,6.71393210575691e-25,49.8422357570283,"Up-regulado"
"AKIRIN1",1.14886979166666,-0.0412511904761905,11.1176800429731,1.06757515282255e-26,7.02081025678404e-25,49.7946893576482,"Up-regulado"
"DTX3L",1.15652291666666,-0.0478514880952381,11.1128370775344,1.11853378886568e-26,7.33012476303306e-25,49.7487132897918,"Up-regulado"
"RRP36",1.11446979166666,0.0565892857142855,11.1112830975219,1.13539164237574e-26,7.41458381281529e-25,49.7339638235867,"Up-regulado"
"AGR3",-1.17075104166666,0.0737443452380953,-11.105610996429,1.19909368156629e-26,7.80330058906398e-25,49.680140118772,"Down-regulado"
"ASAP1",1.13726874999999,-0.00247410714285745,11.104602725521,1.2107833684436e-26,7.85201422653513e-25,49.670574496759,"Up-regulado"
"C6orf118",-1.1551392361111,0.0880413690476186,-11.0955759528495,1.32061205765112e-26,8.53462678226642e-25,49.5849638633292,"Down-regulado"
"NT5DC2",1.10521458333332,-0.0617095238095235,11.0784717164068,1.55656753006556e-26,1.00248316410464e-24,49.4228829698229,"Up-regulado"
"KIF2C",1.16175434027777,0.0173744047619043,11.0636244292336,1.79505300445874e-26,1.15210326337718e-24,49.2823347178924,"Up-regulado"
"MYO10",1.10151076388888,-0.0251854166666666,11.0626712914754,1.81154702668223e-26,1.15870766497753e-24,49.2733166976965,"Up-regulado"
"RAD21",1.14715659722221,-0.0374833333333334,11.0580659573621,1.8933878601263e-26,1.20692167452488e-24,49.2297516477406,"Up-regulado"
"SLC5A6",1.11095121527777,-0.0838431547619043,11.0537184046649,1.97401405519131e-26,1.25403607172817e-24,49.1886371021728,"Up-regulado"
"CSRNP2",1.12243940972221,-0.0170342261904759,11.0529857976102,1.98793223380696e-26,1.25859696036653e-24,49.1817100260971,"Up-regulado"
"B4GALT5",1.12922951388888,-0.114733035714285,11.0425315597267,2.19749706421627e-26,1.38657610366106e-24,49.082897258146,"Up-regulado"
"TPM3",1.16505138888888,-0.0114005952380953,11.0307148656264,2.46089258588445e-26,1.54239340107113e-24,48.9712876958649,"Up-regulado"
"ESR1",-1.13560711805555,-0.166470535714286,-11.0305618483288,2.46450132119845e-26,1.54239340107113e-24,48.9698430004705,"Down-regulado"
"MEST",1.09582083333332,-0.146714583333333,11.030362236881,2.4692168277575e-26,1.54239340107113e-24,48.9679584134112,"Up-regulado"
"MOK",-1.15408159722221,0.0571904761904765,-11.026608861543,2.55957185971906e-26,1.5935041207991e-24,48.9325263301696,"Down-regulado"
"MAP7D1",1.14523732638888,0.00865922619047611,11.0085313644143,3.04290559423148e-26,1.88811786656018e-24,48.7619954549492,"Up-regulado"
"ICA1L",-1.09678177083332,0.0809595238095239,-11.0041572287121,3.17286887350853e-26,1.95751280442522e-24,48.7207631402581,"Down-regulado"
"FZD7",1.1570876736111,-0.040431845238095,11.0040637785538,3.17570476918586e-26,1.95751280442522e-24,48.7198823714863,"Up-regulado"
"NDUFS5",1.12907395833332,-0.0664059523809525,11.0017863586368,3.24560043309462e-26,1.99401576608251e-24,48.6984193321831,"Up-regulado"
"ZBBX",-1.13790277777777,0.088271130952381,-10.9900621016274,3.63034185855855e-26,2.22307852105895e-24,48.5879774180032,"Down-regulado"
"CYCS",1.15356527777777,-0.0821398809523812,10.9718794833501,4.31844833459836e-26,2.61172197545503e-24,48.416866323021,"Up-regulado"
"GRIN3B",-1.12089253472221,0.152754464285714,-10.9717447710037,4.32400192659482e-26,2.61172197545503e-24,48.4155993502435,"Down-regulado"
"CALR",1.14713541666666,-0.0803559523809523,10.9717440942135,4.32402984555225e-26,2.61172197545503e-24,48.4155929850438,"Up-regulado"
"PPP1R18",1.11407291666666,0.0830306547619049,10.9717056062427,4.32561784636397e-26,2.61172197545503e-24,48.4152310068568,"Up-regulado"
"STAT2",1.11397899305554,0.0348711309523807,10.9713513344485,4.34026221378499e-26,2.61172197545503e-24,48.4118991345983,"Up-regulado"
"SKI",1.1151298611111,-0.101983035714286,10.9711427369897,4.34890793150138e-26,2.61172197545503e-24,48.4099373436541,"Up-regulado"
"TCTN1",-1.14212812499999,0.0754571428571427,-10.9642571331858,4.64410039176991e-26,2.78005971208611e-24,48.3451956288613,"Down-regulado"
"H2BC15",1.16277395833332,-0.0869297619047616,10.9583145689834,4.91480777391476e-26,2.93271133525259e-24,48.2893444550478,"Up-regulado"
"H4C1",1.1536876736111,0.000394345238095513,10.9465669497344,5.49691727895845e-26,3.26961541462124e-24,48.1789989638966,"Up-regulado"
"GPI",1.13618663194443,-0.0913446428571431,10.9441829806566,5.6231510936802e-26,3.33408231671953e-24,48.156616779677,"Up-regulado"
"RIIAD1",-1.14037621527777,0.110928273809524,-10.9431205830279,5.68032966711881e-26,3.35732649344235e-24,48.1466434671895,"Down-regulado"
"C1orf194",-1.11774131944444,0.057964880952381,-10.9386202969821,5.92900946192266e-26,3.4932526725656e-24,48.104404576477,"Down-regulado"
"ZFAND3",1.11801822916666,0.00779702380952405,10.9321672368166,6.30457682989505e-26,3.70284847333176e-24,48.0438592568001,"Up-regulado"
"EML4",1.12028697916666,-0.127670238095238,10.9240603281355,6.81004663050465e-26,3.98718623567195e-24,47.9678335352152,"Up-regulado"
"DENND2B",-1.11817031249999,0.160794047619048,-10.9219943322349,6.94517251837659e-26,4.05359334767874e-24,47.9484653845036,"Down-regulado"
"EPHX2",-1.11419409722221,0.0281997023809522,-10.9132268513707,7.54886423666578e-26,4.39221611676657e-24,47.866302192735,"Down-regulado"
"LDHB",1.11246406249999,-0.0510416666666664,10.9116468565268,7.66306996316037e-26,4.44481856217224e-24,47.8515005873051,"Up-regulado"
"ZNF362",1.13593229166666,-0.10155625,10.9096110988016,7.81275246131263e-26,4.51760921733548e-24,47.8324316260558,"Up-regulado"
"GOLGA8N",-1.10728958333332,0.115286904761905,-10.9069699627434,8.01128133705572e-26,4.61810807198116e-24,47.8076959282031,"Down-regulado"
"CFAP161",-1.13525260416666,0.158867857142857,-10.8970513859323,8.80261041598546e-26,5.0586570689034e-24,47.7148417998575,"Down-regulado"
"CYB5D1",-1.09444965277777,0.0848886904761908,-10.8931322866283,9.13626381089184e-26,5.23429445386585e-24,47.67816951788,"Down-regulado"
"ARPC5",1.10735711805555,0.065738392857143,10.8873220862245,9.65416122784492e-26,5.51409080282751e-24,47.6238192245428,"Up-regulado"
"SPATA6L",-1.12140885416666,0.0134592261904763,-10.8864316817693,9.73606396851222e-26,5.54391666889947e-24,47.6154919857395,"Down-regulado"
"RRBP1",1.1385986111111,-0.145089583333333,10.8860959983167,9.76712018196201e-26,5.54469615922506e-24,47.6123527360682,"Up-regulado"
"SYT11",1.09511388888888,-0.119390476190476,10.8814354759996,1.02085977661519e-25,5.7777569841945e-24,47.5687756604283,"Up-regulado"
"PFDN2",1.10797274305555,0.0154407738095233,10.8807379611205,1.02763545918011e-25,5.79853397918638e-24,47.5622548847358,"Up-regulado"
"ANAPC4",-1.1635251736111,0.0942437500000002,-10.8703037927001,1.13448989463197e-25,6.38218908495219e-24,47.4647464752505,"Down-regulado"
"CTSA",1.12372239583332,-0.0230416666666666,10.8626597652902,1.21970674229936e-25,6.84097982760515e-24,47.393355415649,"Up-regulado"
"ZWINT",1.11123732638888,-0.0511392857142858,10.8593448938462,1.25860962444912e-25,7.03803950773541e-24,47.3624076785086,"Up-regulado"
"E2F1",1.11857951388888,-0.00139315476190446,10.8551454189529,1.30966794333795e-25,7.30169199335013e-24,47.323211129592,"Up-regulado"
"PKHD1L1",-1.1060439236111,0.0447952380952382,-10.8500241513996,1.37472466159998e-25,7.64158705497108e-24,47.275425802586,"Down-regulado"
"JPT1",1.1013892361111,0.0752624999999996,10.8457292996096,1.43175010925133e-25,7.93495453723652e-24,47.2353642249052,"Up-regulado"
"H2AC14",1.08780434027777,-0.0552351190476188,10.8445353031347,1.44801669612904e-25,8.00136326437933e-24,47.224228900509,"Up-regulado"
"LAPTM4B",1.14164357638888,-0.118670535714286,10.8426848651503,1.47358973307977e-25,8.11865352351942e-24,47.2069733049018,"Up-regulado"
"B4GALT2",1.09813194444444,-0.0301782738095238,10.8323897101888,1.62427683160301e-25,8.92253481877926e-24,47.1110087115497,"Up-regulado"
"MCM3",1.12385434027777,-0.0700601190476191,10.8237059290306,1.76320611013064e-25,9.65730220495896e-24,47.0301159465373,"Up-regulado"
"FAM216B",-1.13236493055554,0.135920535714286,-10.8231245015341,1.77291882598255e-25,9.68210669967137e-24,47.0247014154705,"Down-regulado"
"GOLIM4",1.10802031249999,0.0229372023809523,10.8150446284876,1.91352209001602e-25,1.04194904009414e-23,46.9494797356679,"Up-regulado"
"CC2D2A",-1.12003211805554,0.050083630952381,-10.8134883280226,1.94184956242796e-25,1.05430012434497e-23,46.9349956598543,"Down-regulado"
"MX1",1.13655833333332,0.0105360119047621,10.8106994136497,1.99365846670057e-25,1.07929157050917e-23,46.9090437790584,"Up-regulado"
"PRKDC",1.10524826388888,-0.155981547619047,10.8044232133212,2.11532393021316e-25,1.14184696660668e-23,46.8506592846929,"Up-regulado"
"FOXJ1",-1.12602708333332,0.0143107142857137,-10.7973139058908,2.26206451911647e-25,1.21753830039015e-23,46.7845547013982,"Down-regulado"
"FOSL2",1.08824722222221,-0.18063125,10.7848892262499,2.54318617106198e-25,1.36491632519898e-23,46.6691024455548,"Up-regulado"
"SCARA3",-1.0942986111111,-0.0032476190476191,-10.7841188607552,2.56171642421508e-25,1.37092199584714e-23,46.6619472760704,"Down-regulado"
"IRF2BP2",1.06291597222221,-0.227758333333333,10.7792610840175,2.68169209582706e-25,1.43050796365625e-23,46.6168367609125,"Up-regulado"
"CEP126",-1.09987656249999,0.11078630952381,-10.7789967735003,2.6883776583142e-25,1.43050796365625e-23,46.6143827344708,"Down-regulado"
"CNTNAP3",-1.10347482638888,0.142947321428572,-10.7757193934249,2.7726646426882e-25,1.47116640714453e-23,46.5839571158297,"Down-regulado"
"INCENP",1.09997395833332,-0.0226836309523809,10.768496670034,2.96779332034469e-25,1.57024010889739e-23,46.5169287248806,"Up-regulado"
"SRF",1.07079670138888,-0.169447023809524,10.7676832311589,2.99060604431965e-25,1.57784036976718e-23,46.5093819014787,"Up-regulado"
"CFAP45",-1.11452395833332,0.1020875,-10.7669503436848,3.01130878169064e-25,1.58428772156721e-23,46.5025827652589,"Down-regulado"
"PLAU",1.15296649305554,0.128369642857142,10.7631735641983,3.12027341966792e-25,1.6370041196387e-23,46.467550235288,"Up-regulado"
"NBPF14",-1.09782395833332,0.140996726190476,-10.7611685766441,3.17970141133477e-25,1.66350933499998e-23,46.4489560918565,"Down-regulado"
"SOD3",-1.09308506944443,0.0985276785714286,-10.7601434762364,3.21051827227002e-25,1.67493993774266e-23,46.4394503472467,"Down-regulado"
"AMY1A",-1.13711336805555,0.0218485119047621,-10.7591460562002,3.2407876029029e-25,1.68602200722611e-23,46.4302019187853,"Down-regulado"
"LASP1",1.13106163194443,0.0124443452380952,10.7552620133383,3.36138336539955e-25,1.74390436432132e-23,46.394193692878,"Up-regulado"
"ABRACL",1.07524357638888,-0.0107214285714289,10.7545586314405,3.38369439797757e-25,1.75061662800629e-23,46.3876737907095,"Up-regulado"
"FOXP4",1.07849739583332,-0.078125892857143,10.7453148324966,3.69093589459723e-25,1.90429861059095e-23,46.3020186891543,"Up-regulado"
"PLPPR3",-1.10643246527777,0.130344345238095,-10.7424124134305,3.79300306805851e-25,1.95156799730382e-23,46.2751353599253,"Down-regulado"
"TDRD3",-1.08031145833332,0.0781812499999999,-10.7361434124753,4.02312278411612e-25,2.06428198458618e-23,46.2170876117958,"Down-regulado"
"SSX3",-1.09526545138888,0.0972604166666668,-10.7305655395417,4.23949643427073e-25,2.16934451788697e-23,46.1654602434016,"Down-regulado"
"ESPN",-1.12906805555555,0.0982261904761906,-10.7298221308269,4.26919353021506e-25,2.17857179136139e-23,46.1585809279632,"Down-regulado"
"C1orf158",-1.1070970486111,0.148855357142857,-10.7290057518578,4.30204356999286e-25,2.18935334487075e-23,46.1510267670437,"Down-regulado"
"ARMC3",-1.13169427083332,0.0929928571428572,-10.7241146651347,4.50417707139826e-25,2.28599225985069e-23,46.1057771357295,"Down-regulado"
"PPIAL4A",1.09186059027777,-0.036765476190476,10.7233393852879,4.53707148656444e-25,2.29644672505594e-23,46.0986060648849,"Up-regulado"
"FUS",1.09851197916666,-0.096977380952381,10.7220874333545,4.59069494766591e-25,2.3173083658799e-23,46.0870267449672,"Up-regulado"
"PRAME",1.06763541666666,-0.150775297619048,10.7192471959847,4.71469202080664e-25,2.37348525263088e-23,46.0607610305016,"Up-regulado"
"WNT7A",1.09004427083332,-0.0748845238095235,10.7131670654955,4.99142360382974e-25,2.50604351206258e-23,46.0045508675978,"Up-regulado"
"ASPH",1.10697135416666,-0.049269642857143,10.6979029527804,5.75927055246903e-25,2.88380418521351e-23,45.8635389688068,"Up-regulado"
"TRA2B",1.12607118055555,-0.0848741071428572,10.6954229284998,5.89465101823348e-25,2.94370045635151e-23,45.840642124924,"Up-regulado"
"KIF21A",-1.10536944444443,0.072388988095238,-10.6950602279933,5.9147132952461e-25,2.94584267240831e-23,45.8372938166165,"Down-regulado"
"P4HB",1.13667326388888,-0.0360782738095236,10.6926388239629,6.05039791732195e-25,3.0054064335591e-23,45.8149425061099,"Up-regulado"
"PRKRIP1",1.10655086805554,-0.176032142857143,10.689468282806,6.2327431353617e-25,3.08777038565386e-23,45.7856817427977,"Up-regulado"
"AHNAK",-1.14722795138888,0.0356845238095238,-10.6805418218247,6.77595195398035e-25,3.34800144562145e-23,45.703334159399,"Down-regulado"
"ATP5MF",1.10764166666666,-0.0918110119047617,10.6790848733833,6.86896904666022e-25,3.3850061974795e-23,45.68989845308,"Up-regulado"
"CFAP299",-1.09556388888888,0.110322619047619,-10.6786266715753,6.89848358102153e-25,3.39060468007208e-23,45.685673280311,"Down-regulado"
"ATP1B3",1.0793517361111,-0.0976196428571428,10.6734447191784,7.24116496160726e-25,3.54969128577267e-23,45.6378987194905,"Up-regulado"
"ELAPOR1",-1.09989670138888,0.0744339285714284,-10.6604896188218,8.1736135714664e-25,3.99629792341041e-23,45.5185349724515,"Down-regulado"
"C11orf97",-1.08324670138888,0.152873809523809,-10.6591033717267,8.2801915906573e-25,4.03783651014899e-23,45.5057689002336,"Down-regulado"
"CCZ1",1.10574305555555,-0.0919122023809521,10.6532794917512,8.74322542613445e-25,4.25253180426857e-23,45.4521496342369,"Up-regulado"
"PDCL3",1.11571614583332,-0.14595,10.6478993773613,9.19377846032519e-25,4.46005715074009e-23,45.4026352123941,"Up-regulado"
"NUSAP1",1.08560503472221,0.015888988095238,10.6432628190021,9.60050458290366e-25,4.64530114235471e-23,45.3599786949636,"Up-regulado"
"EZH2",1.07522187499999,0.0516749999999998,10.6410790392725,9.79820819575783e-25,4.72871148506897e-23,45.3398925806269,"Up-regulado"
"BRD4",1.09142378472221,-0.169419345238095,10.638918222541,9.99781021354227e-25,4.81260570511157e-23,45.3200206679303,"Up-regulado"
"PAFAH1B2",1.1183720486111,-0.0817127976190475,10.6370810648768,1.01706860231907e-24,4.88323657725275e-23,45.3031276206439,"Up-regulado"
"POLR2K",1.10203385416666,-0.0298961309523814,10.6298621476107,1.08792010588321e-24,5.21002149168735e-23,45.2367690121619,"Up-regulado"
"NREP",1.08379531249999,-0.0402553571428569,10.6256066383357,1.13195997348537e-24,5.40706302424203e-23,45.1976665733916,"Up-regulado"
"CFAP54",-1.1058814236111,0.0935482142857143,-10.6140547187597,1.26063442833325e-24,6.00634418826024e-23,45.0915781486552,"Down-regulado"
"H2BC8",1.07207065972221,-0.0569625000000001,10.6106680255493,1.30103904060508e-24,6.18308044818857e-23,45.0604922012114,"Up-regulado"
"HSF4",-1.11233107638888,0.0701142857142858,-10.6092202722273,1.31870112553632e-24,6.25111190904614e-23,45.0472057267598,"Down-regulado"
"TGFBI",1.1167751736111,0.188968452380952,10.6056817230493,1.36287835992389e-24,6.44417193121479e-23,45.0147370168981,"Up-regulado"
"TEKT2",-1.10297534722221,0.0407598214285714,-10.6047370639491,1.3749184298599e-24,6.48468472588214e-23,45.0060704498057,"Down-regulado"
"WDR49",-1.08779253472221,0.111069345238095,-10.6006629621205,1.42806577531165e-24,6.7183840013843e-23,44.9687000336403,"Down-regulado"
"RABL2B",-1.12360538194443,0.0221011904761903,-10.5965957202488,1.48315719931841e-24,6.96003191247988e-23,44.931403127024,"Down-regulado"
"ODAD2",-1.09618940972221,0.095857142857143,-10.5922580047116,1.54423831476673e-24,7.22850601626521e-23,44.8916376159087,"Down-regulado"
"CNGA4",-1.07967482638888,0.205520238095238,-10.5884059284776,1.60057051902498e-24,7.47346389595741e-23,44.8563342395007,"Down-regulado"
"MDFI",1.12400937499999,0.129711011904762,10.5873153260833,1.61688661134071e-24,7.53082075810736e-23,44.8463408488408,"Up-regulado"
"NDUFS6",1.07177569444443,-0.0998175595238094,10.5835870009917,1.67392167336017e-24,7.77707340630546e-23,44.8121832693943,"Up-regulado"
"EPHB2",1.08895937499999,-0.0238062499999999,10.5793170351674,1.74169943493124e-24,8.07189090476693e-23,44.7730743048125,"Up-regulado"
"LIMS3",-1.08318524305555,-0.0193258928571431,-10.5691500580448,1.91424508152019e-24,8.84959291771105e-23,44.6800011462838,"Down-regulado"
"ZNF281",1.10000138888888,-0.18684375,10.5636917049468,2.01377295509414e-24,9.28672530426995e-23,44.6300602178532,"Up-regulado"
"AP2S1",1.08701440972221,-0.021053869047619,10.5586042115634,2.11115637389136e-24,9.71183930915489e-23,44.5835296553251,"Up-regulado"
"SMC4",1.08129635416666,0.0455559523809522,10.5561186439308,2.16042005660685e-24,9.91404555214894e-23,44.5608025215909,"Up-regulado"
"VEGFA",1.07616805555555,0.0447898809523813,10.5543006297615,2.19717382236215e-24,1.00579939902593e-22,44.5441817662029,"Up-regulado"
"DIO3",-1.05579600694443,0.000490476190476064,-10.5367540962526,2.58539064197306e-24,1.18061958484427e-22,44.3838759053625,"Down-regulado"
"CAST",-1.06759930555555,0.156126190476191,-10.535926893269,2.60528536151729e-24,1.18680279748923e-22,44.3763234265879,"Down-regulado"
"SNRPG",1.10115538194443,-0.021051785714286,10.5286769379257,2.78628182825485e-24,1.26616510234345e-22,44.3101491451489,"Up-regulado"
"JDP2",1.05956684027777,-0.109105654761905,10.5111654678698,3.27658274523438e-24,1.48535766827045e-22,44.1504519222092,"Up-regulado"
"TOP2A",1.07070833333332,0.00478125000000011,10.5061257668693,3.43292994012953e-24,1.55246567776754e-22,44.1045285620113,"Up-regulado"
"SIRT6",1.10121475694443,-0.145983630952381,10.5038636248286,3.50549509210234e-24,1.58145245978733e-22,44.0839205246573,"Up-regulado"
"AK2",1.12750277777777,-0.0572074404761905,10.503315417646,3.52330846235611e-24,1.58565860605844e-22,44.0789268722243,"Up-regulado"
"GADD45A",1.06226666666666,-0.191028273809524,10.5029757439417,3.5343908225218e-24,1.5868225334673e-22,44.0758328610629,"Up-regulado"
"KCNE1",-1.08161753472221,0.094169940476191,-10.5025026357662,3.54988435667137e-24,1.58995659783096e-22,44.0715235493169,"Down-regulado"
"RSPH9",-1.09737760416666,0.149695833333333,-10.4946000216701,3.81887769612478e-24,1.70463469217848e-22,43.9995638251846,"Down-regulado"
"GAS2L2",-1.08901336805555,0.170019047619048,-10.4944498879244,3.82417912953249e-24,1.70463469217848e-22,43.9981971252001,"Down-regulado"
"TRIO",1.09526284722221,-0.104931845238095,10.4915809378081,3.92690084695463e-24,1.74625540758504e-22,43.9720832447168,"Up-regulado"
"HMGCLL1",1.07628593749999,-0.178828869047619,10.4891723922717,4.01524910190403e-24,1.78130184029125e-22,43.9501641785107,"Up-regulado"
"ANXA13",-1.07630468749999,0.13899375,-10.4870239417367,4.09571985969344e-24,1.81269573031977e-22,43.9306152759985,"Down-regulado"
"PPFIA1",1.0817361111111,-0.0895863095238097,10.4865077572413,4.11529094071112e-24,1.81705174703692e-22,43.9259189207791,"Up-regulado"
"DTYMK",1.06436458333332,-0.109254166666667,10.4858098007384,4.14190156170944e-24,1.82448810066149e-22,43.9195690390199,"Up-regulado"
"SRPK1",1.08908124999999,-0.0820508928571432,10.4854988467129,4.15381206637718e-24,1.82542936385239e-22,43.9167401368976,"Up-regulado"
"CFAP251",-1.08652118055555,0.164297023809524,-10.4781890681437,4.44380200306211e-24,1.9482838030796e-22,43.8502574570672,"Down-regulado"
"PRKCI",1.09190121527777,-0.0505470238095238,10.4710015245875,4.74851642002038e-24,2.07700330624638e-22,43.7849201560787,"Up-regulado"
"SPP1",1.10980850694443,0.109034821428571,10.4607258715505,5.22049157417782e-24,2.27811030679718e-22,43.6915688369122,"Up-regulado"
"SEC61A1",1.08707170138888,-0.041924107142857,10.4594410792279,5.2826866770135e-24,2.29987736751938e-22,43.6799016741463,"Up-regulado"
"ZNF474",-1.07977413194443,0.149083928571429,-10.4591013417781,5.29925549200158e-24,2.3017254610259e-22,43.6768167064552,"Down-regulado"
"ATG3",1.06985677083332,0.020678273809524,10.4581403097765,5.34640431881934e-24,2.31681655365635e-22,43.6680905112128,"Up-regulado"
"CFH",1.07693211805555,-0.0413696428571429,10.4569730237421,5.40423234179392e-24,2.33645480202975e-22,43.6574923276048,"Up-regulado"
"NBR1",-1.04755711805554,0.177594345238095,-10.4560433782609,5.4507312085462e-24,2.35111563006968e-22,43.649052393303,"Down-regulado"
"DYNLT5",-1.1007095486111,0.143749107142857,-10.4512135669334,5.69877370833958e-24,2.45244231683545e-22,43.6052131829669,"Down-regulado"
"PGK1",1.09736319444443,0.0127922619047617,10.4471471510304,5.9162736478845e-24,2.54018949244917e-22,43.5683148639645,"Up-regulado"
"MAP4K4",1.07462239583332,0.00261130952380966,10.4319164818364,6.80666321850499e-24,2.91578093880775e-22,43.4302082168192,"Up-regulado"
"SOX3",-1.07195850694443,0.0657241071428571,-10.428630170267,7.01557202102462e-24,2.99839447681183e-22,43.4004287534496,"Down-regulado"
"RSPH10B2",-1.06460468749999,0.114901785714286,-10.4266029332316,7.14760259864267e-24,3.04784871540752e-22,43.3820620974183,"Down-regulado"
"H2AC19",1.06678437499999,-0.118247321428571,10.4257584268123,7.20332875917776e-24,3.0646143789331e-22,43.3744117021147,"Up-regulado"
"CDHR4",-1.06761944444443,0.12911130952381,-10.4254024717712,7.22694601055877e-24,3.06767433270923e-22,43.3711872390602,"Down-regulado"
"H2BC13",1.07803246527777,-0.0213074404761906,10.421734898601,7.47480544394665e-24,3.16569027838076e-22,43.3379688569482,"Up-regulado"
"CCDC74A",-1.08522152777777,0.15784255952381,-10.4183398257066,7.71175974654109e-24,3.25182948257477e-22,43.3072263754055,"Down-regulado"
"EFHC2",-1.08508333333332,0.112435119047619,-10.4183220685137,7.71301847609693e-24,3.25182948257477e-22,43.3070656031824,"Down-regulado"
"PREX2",-1.04837638888888,0.04411875,-10.416734182929,7.82640491652648e-24,3.2922019059902e-22,43.2926898397518,"Down-regulado"
"TMEM132A",1.06895434027777,-0.00573660714285719,10.4113944950708,8.21996838609967e-24,3.44998538308277e-22,43.2443595154797,"Up-regulado"
"MYL6B",1.06668680555554,-0.0887005952380951,10.4081402059558,8.46939431885592e-24,3.54670129357112e-22,43.2149135311015,"Up-regulado"
"SPARCL1",-1.0730720486111,0.0952791666666667,-10.4044925598906,8.75790507914895e-24,3.65931528329452e-22,43.1819164870113,"Down-regulado"
"FOXM1",1.09099149305555,0.0142235119047613,10.3992115090285,9.19297332737942e-24,3.83252595614878e-22,43.1341587856638,"Up-regulado"
"LDHA",1.07785538194443,0.0422520833333334,10.3985194089781,9.25155748238511e-24,3.84835944540104e-22,43.1279013164647,"Up-regulado"
"NXNL2",-1.05163263888888,0.00836279761904764,-10.3919298618818,9.82823188650925e-24,4.07915304320741e-22,43.0683389845118,"Down-regulado"
"PDXK",1.10897031249999,-0.0543119047619047,10.3885007140141,1.014229763802e-23,4.20017057617073e-22,43.0373543920141,"Up-regulado"
"RTF2",1.07211128472221,-0.0686919642857142,10.3853217365827,1.04423377522562e-23,4.31485712829402e-22,43.0086370860199,"Up-regulado"
"MRPS15",1.08747465277777,-0.024625892857143,10.3845598976816,1.05155405727701e-23,4.33551327323682e-22,43.001755987861,"Up-regulado"
"IRAK1",1.03012708333333,-0.0213773809523807,10.3809971228576,1.08646930238617e-23,4.46960069618203e-22,42.9695812280939,"Up-regulado"
"HLA-B",1.05519305555554,-3.06547619047394e-05,10.3799766910319,1.09667979970539e-23,4.50168980639506e-22,42.9603674193096,"Up-regulado"
"PTMS",1.03039670138888,-0.0787238095238095,10.3783971581768,1.1126727625545e-23,4.55732218996282e-22,42.9461066433839,"Up-regulado"
"FAM81B",-1.09471944444443,0.0994886904761906,-10.370646342533,1.19456779681817e-23,4.88204436349517e-22,42.8761521297762,"Down-regulado"
"CERCAM",1.1003486111111,0.0199654761904764,10.3631358524943,1.27962198322547e-23,5.21823139316639e-22,42.8084039972188,"Up-regulado"
"PRELID1",1.0724876736111,0.026454761904762,10.361022349276,1.30462201943876e-23,5.3085894241956e-22,42.7893458386632,"Up-regulado"
"TAGLN",1.09042031249999,-0.014174404761905,10.3595324231817,1.32253660105746e-23,5.36978610825005e-22,42.7759124317999,"Up-regulado"
"C9orf135",-1.07274791666666,0.0882113095238095,-10.3554493412192,1.3728915349386e-23,5.56214646378487e-22,42.7391061453536,"Down-regulado"
"TTLL10",-1.06735729166665,0.111795535714286,-10.3544729558857,1.38521202051253e-23,5.59991448205901e-22,42.730306287647,"Down-regulado"
"IFI27",1.04828246527777,-0.0227595238095235,10.340068633551,1.58025037557818e-23,6.37458666623621e-22,42.600556894611,"Up-regulado"
"DDX58",1.05764565972221,0.0705845238095237,10.338315997964,1.60576821276429e-23,6.46356312711178e-22,42.5847789742534,"Up-regulado"
"ZBTB16",-1.05514774305554,0.0954360119047616,-10.330059120854,1.73159473126156e-23,6.95505264425208e-22,42.5104742905362,"Down-regulado"
"MFAP2",1.0216829861111,-0.0990973214285715,10.3278567372878,1.76677845778083e-23,7.0811419004233e-22,42.4906622887753,"Up-regulado"
"C5orf49",-1.0506736111111,0.0510092261904762,-10.323586762555,1.83702563563364e-23,7.34692244041319e-22,42.4522598727569,"Down-regulado"
"AGBL2",-1.06369999999999,0.0987556547619045,-10.3187881057153,1.91928183879772e-23,7.65949292803952e-22,42.4091169347181,"Down-regulado"
"GSTM2",-1.09095451388888,-0.0578300595238094,-10.3185243080883,1.92390822117421e-23,7.66158504197669e-22,42.4067456652104,"Down-regulado"
"TTC34",-1.04183020833332,0.153266964285714,-10.3175459688725,1.94116277881347e-23,7.71385047231898e-22,42.3979517988362,"Down-regulado"
"MSL1",-1.06384930555554,0.10845625,-10.316594104125,1.95809775875349e-23,7.76462671767279e-22,42.3893965010253,"Down-regulado"
"HNRNPAB",1.07592239583332,-0.0373919642857142,10.3069560383596,2.13804767718488e-23,8.46023653957245e-22,42.302803600246,"Up-regulado"
"SLC44A2",1.02594791666666,-0.0936830357142859,10.2989774100454,2.29935681034386e-23,9.07929960820131e-22,42.2311658833768,"Up-regulado"
"ENOSF1",-1.09011302083332,0.0177363095238096,-10.2964360946553,2.35322886213611e-23,9.26174677850505e-22,42.2083569306151,"Down-regulado"
"SPEF2",-1.06327604166666,0.0398925595238097,-10.296331168721,2.35547985211217e-23,9.26174677850505e-22,42.2074152846196,"Down-regulado"
"COL5A2",1.10015086805555,0.137512500000001,10.2952464913595,2.37887513620182e-23,9.33408632748769e-22,42.1976813925029,"Up-regulado"
"RPS29",1.06044947916666,-0.241171130952381,10.2870662973488,2.5628981710532e-23,1.00350627129477e-21,42.124297193679,"Up-regulado"
"DNAH12",-1.05003124999999,0.0840636904761904,-10.2842408419315,2.62968699420796e-23,1.02750343077034e-21,42.0989603406739,"Down-regulado"
"TNS2",-1.08566180555554,0.115410119047619,-10.2809529706439,2.70958296696274e-23,1.05651108713911e-21,42.0694834351428,"Down-regulado"
"CFAP58",-1.04616180555555,0.11919494047619,-10.2807228783115,2.71526358198321e-23,1.05652037334793e-21,42.0674208432112,"Down-regulado"
"METRN",-1.06724583333332,-0.00471190476190482,-10.2744378565041,2.87508382204977e-23,1.11638130029987e-21,42.0110941364346,"Down-regulado"
"MKI67",1.04045295138888,-0.00799940476190507,10.2736923377313,2.89465008244675e-23,1.12164687945763e-21,42.0044144771059,"Up-regulado"
"LCN12",-1.06359288194443,0.00888749999999958,-10.2687108957334,3.02882245757774e-23,1.17120739213622e-21,41.9597913858561,"Down-regulado"
"CPNE1",1.0621954861111,-0.0417869047619045,10.2663872209869,3.0935021071999e-23,1.19374667058208e-21,41.9389817928749,"Up-regulado"
"UBE2T",1.06767378472221,-0.0220354166666665,10.265507809738,3.11833641539027e-23,1.20084885010813e-21,41.9311071795538,"Up-regulado"
"CKAP4",1.07089479166666,0.024895535714286,10.2570455881345,3.36764820086285e-23,1.29418858945505e-21,41.8553589099088,"Up-regulado"
"CCDC146",-1.08483315972221,0.0895949404761904,-10.254558661858,3.44460748999937e-23,1.32104587455273e-21,41.8331065235233,"Down-regulado"
"MS4A8",-1.04088333333332,0.0998300595238097,-10.2524788792125,3.51030532972089e-23,1.34348304596715e-21,41.814500278095,"Down-regulado"
"OST4",1.06270295138888,-0.143428273809524,10.2513402848242,3.54679716391349e-23,1.35467342802479e-21,41.8043153386107,"Up-regulado"
"HNRNPA2B1",1.08058211805555,-0.0950803571428569,10.2496331274315,3.60221769777512e-23,1.37303306002747e-21,41.7890460946658,"Up-regulado"
"CLDN10",-1.05608524305555,0.0226300595238093,-10.2469219195187,3.69200407490473e-23,1.40439022621172e-21,41.7648003114594,"Down-regulado"
"ETV3",1.06577430555555,-0.22204375,10.2453115823967,3.74638051117521e-23,1.42217782128495e-21,41.7504016822838,"Up-regulado"
"FRMPD2",-1.0763189236111,0.116072023809524,-10.2402978352346,3.9208195674469e-23,1.48537823653561e-21,41.7055828145253,"Down-regulado"
"MICAL3",-1.04434895833333,0.0802749999999997,-10.2368146974345,4.0467253058031e-23,1.52997345215556e-21,41.6744561055597,"Down-regulado"
"TACC1",-1.04700277777777,-0.0135050595238094,-10.2352683776406,4.10389828159245e-23,1.54845471121822e-21,41.6606401356465,"Down-regulado"
"SCD",1.07378020833332,0.0948967261904759,10.2339336270103,4.15389268214126e-23,1.56415833920065e-21,41.6487157481974,"Up-regulado"
"MAP3K20",-1.05583055555555,0.0784157738095239,-10.2246530095416,4.51861440647672e-23,1.69807165532728e-21,41.5658370748557,"Down-regulado"
"GMPS",1.07362187499999,-0.0500419642857139,10.2231605220111,4.58016248730305e-23,1.71553100445619e-21,41.5525140157697,"Up-regulado"
"KIAA2012",-1.04795434027777,0.103230357142857,-10.2230814904106,4.58344472465406e-23,1.71553100445619e-21,41.5518085615792,"Down-regulado"
"ATXN10",-1.04473975694443,0.0998663690476189,-10.222217541881,4.61947763772982e-23,1.7255596767976e-21,41.5440970274243,"Down-regulado"
"CHTF18",1.02334131944443,-0.17690119047619,10.2201848738032,4.70536678547142e-23,1.75413444016467e-21,41.5259555388693,"Up-regulado"
"PNO1",1.06024201388888,-0.111524107142857,10.2189661214955,4.75762214654527e-23,1.77008184922363e-21,41.5150795254174,"Up-regulado"
"AIF1L",1.04862482638888,-0.124881547619048,10.2143157695185,4.96235433981984e-23,1.84258234602018e-21,41.4735892891593,"Up-regulado"
"COPS9",1.04133958333332,-0.0611011904761905,10.2107433793007,5.12554370800987e-23,1.89940039354167e-21,41.4417262698142,"Up-regulado"
"C1orf87",-1.05777378472221,0.156734523809524,-10.2066042713092,5.32128817557032e-23,1.96803364861637e-21,41.4048190884432,"Down-regulado"
"TUBB6",1.06276232638888,0.014627380952381,10.1996214339267,5.66846387086366e-23,2.09043751725608e-21,41.3425808629355,"Up-regulado"
"MORN1",-1.06334999999999,0.116353571428571,-10.1995011626374,5.67463629731131e-23,2.09043751725608e-21,41.3415091636403,"Down-regulado"
"CKS2",1.04029149305555,-0.0994863095238096,10.1976870308356,5.76855193297647e-23,2.12085126874412e-21,41.3253451697997,"Up-regulado"
"RPL37",1.03577916666666,-0.270138392857143,10.1970608738384,5.80132402205185e-23,2.12870979881851e-21,41.3197665882032,"Up-regulado"
"DLG1",1.04642135416666,-0.0989883928571428,10.1882951522724,6.27997539157992e-23,2.29982549781447e-21,41.2416978899025,"Up-regulado"
"LAMC1",1.03316249999999,-0.0062639880952382,10.185624077417,6.43347005529416e-23,2.35142701022953e-21,41.2179190331558,"Up-regulado"
"DNMT1",1.03354999999999,0.0164979166666665,10.1765257998993,6.98477207336047e-23,2.54794117215143e-21,41.1369583450965,"Up-regulado"
"CCDC113",-1.04978020833332,0.108888988095238,-10.1757125473653,7.03627438258755e-23,2.56172508077169e-21,41.1297243136242,"Down-regulado"
"FOXB2",-1.06708333333332,0.0695910714285712,-10.1666540642087,7.63603602937134e-23,2.774674025692e-21,41.0491770276586,"Down-regulado"
"EIF3L",-1.04404947916666,-0.0392211309523815,-10.1584885776553,8.21998387430769e-23,2.9810609479698e-21,40.9766167616338,"Down-regulado"
"HLA-A",1.05429531249999,0.0136934523809524,10.1541114651284,8.5510282299669e-23,3.0892429738655e-21,40.9377389886165,"Up-regulado"
"TMED9",1.08339496527777,-0.0394508928571431,10.1541070862096,8.5513659446831e-23,3.0892429738655e-21,40.9377001011583,"Up-regulado"
"ZDHHC5",1.06455624999999,-0.110574107142857,10.1535675328315,8.59307924488354e-23,3.09831932541872e-21,40.9329086367957,"Up-regulado"
"CA5B",-1.04538645833332,0.057390773809524,-10.1428247016707,9.46692747836543e-23,3.406817042648e-21,40.8375478946694,"Down-regulado"
"ADRM1",1.04296649305555,0.0217184523809526,10.135781452906,1.00871107630466e-22,3.62301861002734e-21,40.7750687386946,"Up-regulado"
"SPACA9",-1.06858645833332,0.128420833333333,-10.1280344320984,1.08158769052082e-22,3.87731541187282e-21,40.706384604208,"Down-regulado"
"LRRC71",-1.04939513888888,0.130023809523809,-10.1235312614947,1.12632470893479e-22,4.02995528520594e-21,40.666478367287,"Down-regulado"
"HJURP",1.04660451388888,-0.0542270833333337,10.1226540659758,1.13525048028942e-22,4.05412489873146e-21,40.6587063962498,"Up-regulado"
"CFAP69",-1.06508784722221,0.0786848214285714,-10.1190653270363,1.17250364023945e-22,4.17916994060155e-21,40.6269154182941,"Down-regulado"
"COL9A2",1.03964809027777,-0.101667261904762,10.1142156856208,1.22477874877399e-22,4.35717956016224e-21,40.5839682905266,"Up-regulado"
"SPATA6",-1.05039843749999,0.0920110119047618,-10.1077001498294,1.29866669868339e-22,4.61125435956459e-21,40.5262930697876,"Down-regulado"
"PCCA",-1.01875815972221,0.139789880952381,-10.1056493427999,1.32282565168192e-22,4.68812423082795e-21,40.5081452645647,"Down-regulado"
"AUP1",1.01865138888888,-0.0352580357142857,10.1051037803873,1.32932721328725e-22,4.70224325048599e-21,40.5033179971645,"Up-regulado"
"SLC38A1",1.00786684027777,-0.133277380952381,10.1016331995769,1.37143522857413e-22,4.84202188356881e-21,40.472614101782,"Up-regulado"
"KCNK4",1.06098246527777,-0.207108333333333,10.0989866729722,1.40443174939702e-22,4.94916448745059e-21,40.4492059228578,"Up-regulado"
"EFCAB12",-1.05994045138888,0.0896476190476191,-10.0962388722075,1.4395241867964e-22,5.06327556248519e-21,40.424906921659,"Down-regulado"
"CFAP77",-1.05421041666666,0.116830952380952,-10.0906371656017,1.5137800857991e-22,5.31444937264469e-21,40.3753861987846,"Down-regulado"
"FASN",1.04543663194443,-0.0174812499999996,10.0881660700388,1.54773265050779e-22,5.42345266670431e-21,40.353547636681,"Up-regulado"
"DCDC2B",-1.05884288194443,0.0811440476190478,-10.0702160821332,1.81810226801297e-22,6.3589318463817e-21,40.1950349437678,"Down-regulado"
"POU5F1",-1.07002395833332,0.0666464285714285,-10.0634401451018,1.9319202150214e-22,6.74438763662703e-21,40.1352539050338,"Down-regulado"
"CHCHD2",1.05424114583332,-0.0410880952380953,10.0516593723188,2.14687432035797e-22,7.48081561218764e-21,40.031390443686,"Up-regulado"
"ZYX",1.02770520833332,-0.0373017857142858,10.0508556757468,2.16237433122343e-22,7.52079429874487e-21,40.0243081488124,"Up-regulado"
"PLEKHO1",1.04168628472221,-0.0517791666666668,10.0492591767627,2.19349418750003e-22,7.61484961708884e-21,40.0102408405161,"Up-regulado"
"PKP2",-1.05016145833332,0.00742351190476219,-10.048337275349,2.21166627255231e-22,7.66369034739508e-21,40.0021184221373,"Down-regulado"
"RUNX1",1.03009166666666,0.0220761904761904,10.0438289338893,2.30270554663004e-22,7.96437620266836e-21,39.9624058334382,"Up-regulado"
"SPAG6",-1.0683423611111,0.114343154761905,-10.0412726039323,2.3559678506152e-22,8.13353263326065e-21,39.939893949421,"Down-regulado"
"TMEM8B",-1.03051197916666,0.0683639880952381,-10.0399070482661,2.38491861517549e-22,8.21828874089162e-21,39.927870207088,"Down-regulado"
"DYNC1H1",1.03648194444443,-0.0848267857142859,10.0393114801786,2.39765531558585e-22,8.24696285988894e-21,39.9226266099226,"Up-regulado"
"H2AC21",1.01806857638888,-0.13286875,10.0357109043334,2.47610584218959e-22,8.50114500267922e-21,39.8909308895482,"Up-regulado"
"DNAL4",-1.03186684027777,0.109264583333333,-10.033712552828,2.52073956147572e-22,8.63850509902422e-21,39.8733432268387,"Down-regulado"
"AMY2B",-1.0167923611111,0.0277568452380952,-10.0323364341529,2.5519385190821e-22,8.72940580968798e-21,39.8612334423105,"Down-regulado"
"MAP3K19",-1.04489895833332,0.114116369047619,-10.0227943196248,2.7790643921237e-22,9.48895532937738e-21,39.7772981204097,"Down-regulado"
"PTPRJ",1.0622876736111,-0.0694208333333331,10.020671932929,2.83224623049651e-22,9.65289468010644e-21,39.7586372550138,"Up-regulado"
"ACOX3",-1.01133489583332,0.131488988095238,-10.0140274376076,3.00535324403853e-22,1.02242226846826e-20,39.7002357308412,"Down-regulado"
"EFEMP2",1.06010243055555,-0.113033928571429,10.009115507122,3.14002925451421e-22,1.06629684339204e-20,39.6570815375227,"Up-regulado"
"ST3GAL2",1.06055538194443,-0.153458035714286,10.007946621384,3.17294946514096e-22,1.07552045663226e-20,39.6468145726476,"Up-regulado"
"NEK10",-1.05772256944444,0.150660119047619,-9.99868605051051,3.4461496238657e-22,1.16407048234242e-20,39.5655062857616,"Down-regulado"
"SOX4",1.01812656249999,-0.0822636904761905,9.99866973931957,3.44665083651206e-22,1.16407048234242e-20,39.565363123427,"Up-regulado"
"M6PR",1.06167690972221,-0.0545690476190475,9.99334700610507,3.61412967328427e-22,1.21843140628033e-20,39.5186553527669,"Up-regulado"
"CCDC198",-1.04477239583332,0.108739880952381,-9.99047629791878,3.70778030334842e-22,1.24775158064214e-20,39.4934723587063,"Down-regulado"
"PRRT1B",-1.04583107638888,0.115924702380952,-9.9889247238742,3.75939472154778e-22,1.26284559738036e-20,39.4798636376069,"Down-regulado"
"RGS22",-1.02074791666666,0.0900303571428572,-9.97039960004207,4.43351763486524e-22,1.48662134410014e-20,39.317506324672,"Down-regulado"
"WRNIP1",1.04237499999999,0.0145383928571428,9.96297650421204,4.73612519142109e-22,1.58524391039734e-20,39.2525138102549,"Up-regulado"
"CBS",1.03252899305555,-0.0233130952380951,9.95889221555876,4.91126746575108e-22,1.64092562536374e-20,39.2167698535244,"Up-regulado"
"CFAP221",-1.0146689236111,0.0911559523809524,-9.94896079729408,5.36439760431997e-22,1.78912239385507e-20,39.129901161151,"Down-regulado"
"GTF2IRD2B",-1.05217864583332,0.0325866071428575,-9.94449675423701,5.58135034505631e-22,1.85816186086661e-20,39.0908764580299,"Down-regulado"
"EXT1",1.03796163194444,0.0508776785714285,9.94330449965873,5.64075149288327e-22,1.87459636356905e-20,39.0804560302052,"Up-regulado"
"FAM189B",1.00916788194444,-0.0851937500000003,9.93931542533686,5.84409143997365e-22,1.93872283879907e-20,39.0455980749719,"Up-regulado"
"TPM4",1.0314439236111,-0.0215708333333335,9.93764975405336,5.93113345484347e-22,1.96410956624311e-20,39.0310460194697,"Up-regulado"
"TRAF7",1.03430503472221,-0.0609842261904763,9.93732627689255,5.94818566353105e-22,1.96627015288088e-20,39.0282201940231,"Up-regulado"
"DNAH7",-1.03886996527777,0.0686372023809524,-9.9355302877512,6.04374978004102e-22,1.99433064738209e-20,39.0125321105879,"Down-regulado"
"CDCA3",1.0331845486111,0.0252949404761907,9.93430615148654,6.10975657870354e-22,2.01255597214191e-20,39.0018404462205,"Up-regulado"
"FAM174A",-1.03177256944443,0.0986461309523811,-9.93091470486524,6.296383747629e-22,2.0703795643392e-20,38.9722246688428,"Down-regulado"
"THBS2",1.0552501736111,0.0829568452380953,9.93049348630787,6.31995397452083e-22,2.07447768685634e-20,38.9685469231879,"Up-regulado"
"ADSS2",1.03674149305555,-0.0561660714285712,9.92891725046763,6.40893457405918e-22,2.09999422876672e-20,38.9547855466598,"Up-regulado"
"STRAP",1.00783715277777,-0.0190520833333334,9.9275302868773,6.48825716165475e-22,2.122262329391e-20,38.9426780038926,"Up-regulado"
"RAB36",-1.04191684027777,0.0176136904761904,-9.92334379911289,6.73364014993189e-22,2.19867477413073e-20,38.9061397986047,"Down-regulado"
"MCM7",1.01077152777777,-0.049383035714286,9.92146893612415,6.84649359916996e-22,2.22860532412845e-20,38.8897804833444,"Up-regulado"
"MAOA",-1.04203194444443,0.0655752976190477,-9.92142484748024,6.8491698669472e-22,2.22860532412845e-20,38.8893958117758,"Down-regulado"
"MGLL",-1.02282847222221,0.16001369047619,-9.91856156254704,7.02521622973065e-22,2.28191240909007e-20,38.864416580977,"Down-regulado"
"EIF4EBP1",1.02444062499999,0.0129907738095236,9.91478101034459,7.26454925739018e-22,2.35555532083813e-20,38.8314436122273,"Up-regulado"
"S100A10",1.0369892361111,-0.06756875,9.91280933588595,7.39255835584729e-22,2.39290836069601e-20,38.8142510231054,"Up-regulado"
"GATA6",-1.00020069444444,0.0119363095238093,-9.91072538573992,7.53028830962441e-22,2.43257353135504e-20,38.7960822681835,"Down-regulado"
"SRSF9",1.0522329861111,-0.066202380952381,9.91056269280255,7.54114726484215e-22,2.43257353135504e-20,38.7946639661179,"Up-regulado"
"TOMM5",1.02100850694444,-0.0951827380952379,9.90914757200131,7.63625682603915e-22,2.45900635758506e-20,38.7823281753631,"Up-regulado"
"KIF27",-1.02878489583332,0.107533333333333,-9.90141850861863,8.17709817763123e-22,2.62863446925333e-20,38.7149768145214,"Down-regulado"
"LRRC23",-1.04515225694444,0.0933458333333332,-9.89647870308345,8.54247908419452e-22,2.74137254047253e-20,38.6719523109239,"Down-regulado"
"CDS1",-1.03349670138888,0.0612410714285715,-9.8948375674839,8.66741475740406e-22,2.77669477571245e-20,38.6576620716527,"Down-regulado"
"PPP1R42",-1.03746197916666,0.139354166666667,-9.8934433121543,8.77497809695842e-22,2.8063401698098e-20,38.6455229814572,"Down-regulado"
"MXRA5",1.04783038194443,-0.0796616071428573,9.89308375416108,8.80293108853149e-22,2.81046741778637e-20,38.6423927015072,"Up-regulado"
"LMNTD1",-1.03330729166666,0.125619642857143,-9.89039616675005,9.01468626371439e-22,2.87316203664494e-20,38.6189975747649,"Down-regulado"
"PSMB2",1.0182939236111,0.0532955357142853,9.8895013326222,9.08630486007119e-22,2.89105478486456e-20,38.6112092353818,"Up-regulado"
"PSMD14",1.00660468749999,-0.0276672619047621,9.88762428017377,9.23837370831195e-22,2.93444057398201e-20,38.5948737542014,"Up-regulado"
"SMDT1",-1.01772656249999,0.025399702380952,-9.88096720804421,9.79831964378897e-22,3.10701555156276e-20,38.5369582800915,"Down-regulado"
"DNAH2",-1.03767100694444,0.123360416666667,-9.87950264250087,9.92595361131465e-22,3.14215314573769e-20,38.5242208186081,"Down-regulado"
"IVNS1ABP",1.01129565972221,-0.101513095238095,9.85694158460898,1.21136997003484e-21,3.82821606266341e-20,38.3281888750701,"Up-regulado"
"XPO5",1.00982013888888,-0.0209741071428568,9.85039549953716,1.28335920633398e-21,4.04886822579387e-20,38.2713748666649,"Up-regulado"
"PNPLA7",-1.01940503472221,0.0592095238095238,-9.85005698319394,1.28719517470724e-21,4.05412213794385e-20,38.2684376464576,"Down-regulado"
"PTK7",1.01801076388888,-0.0247002976190478,9.84478599611861,1.34841193013928e-21,4.23977939717362e-20,38.2227126690066,"Up-regulado"
"COMP",1.07121788194443,0.0890386904761901,9.83895991645711,1.41943755310267e-21,4.4556025511426e-20,38.1721943039894,"Up-regulado"
"PTP4A2",1.0402986111111,-0.030970238095238,9.83792135251194,1.43248258107207e-21,4.48900623602066e-20,38.163191261198,"Up-regulado"
"CFAP47",-1.02356753472221,0.0706193452380954,-9.8362603483519,1.45359331278432e-21,4.54753137401552e-20,38.1487939681738,"Down-regulado"
"SPATA2L",1.02618350694444,-0.180935714285714,9.82583641064032,1.59329958498292e-21,4.97626360346587e-20,38.0584839134129,"Up-regulado"
"ZBTB7B",1.01111093749999,-0.235831845238095,9.81791490044802,1.70829542209247e-21,5.32651646050436e-20,37.9899035969538,"Up-regulado"
"CENPU",1.0220642361111,0.0273806547619047,9.81675682146195,1.72578258213664e-21,5.37207354776102e-20,37.9798811282515,"Up-regulado"
"CROCC2",-1.02801527777777,0.0896136904761906,-9.81515035875933,1.75033455666128e-21,5.43943402907865e-20,37.9659796826379,"Down-regulado"
"RAB35",1.01384149305554,-0.0462928571428573,9.81358081726238,1.77465657193915e-21,5.50585727476868e-20,37.9523994292876,"Up-regulado"
"ARMC2",-1.04437239583332,0.075940476190476,-9.80931574262882,1.84245441221638e-21,5.70671990994449e-20,37.9155048970137,"Down-regulado"
"FAM120B",-1.00364131944444,0.0659440476190475,-9.808738452543,1.85182615729899e-21,5.72469511324078e-20,37.9105120679147,"Down-regulado"
"SHB",1.0214032986111,-0.0291666666666665,9.80858114710162,1.85438804064393e-21,5.72469511324078e-20,37.9091516141477,"Up-regulado"
"BBS9",-1.02438836805555,0.166773809523809,-9.80738006060144,1.87406515569452e-21,5.77589354998458e-20,37.8987645909756,"Down-regulado"
"ALCAM",-1.02449809027777,0.0993017857142855,-9.80442800819152,1.92331178772995e-21,5.91790679727054e-20,37.8732393501353,"Down-regulado"
"ITGA6",-1.02111319444443,0.165873809523809,-9.80362099716884,1.93699631901337e-21,5.9502105674692e-20,37.8662624751156,"Down-regulado"
"PPP3R1",1.01190381944444,-0.0499238095238098,9.80109737885723,1.98041531185086e-21,6.07359881435772e-20,37.8444478300712,"Up-regulado"
"LRTOMT",-1.0241657986111,0.135541071428571,-9.79991553246694,2.00107938776804e-21,6.1269114303842e-20,37.8342332130684,"Down-regulado"
"PLEKHG7",-1.02297031249999,0.105166964285714,-9.79355581398199,2.11600080698555e-21,6.46817464354649e-20,37.7792829475239,"Down-regulado"
"TRIB2",1.01361197916666,0.0565952380952375,9.78916655945498,2.19910739873234e-21,6.71123021015097e-20,37.7413742844276,"Up-regulado"
"IQGAP3",1.02663229166666,-0.0346178571428573,9.78670535506417,2.24711544565635e-21,6.84655386272816e-20,37.720123355913,"Up-regulado"
"PHKB",-1.00913315972221,0.0819398809523809,-9.78599801808337,2.26110387451257e-21,6.87795391926241e-20,37.7140167170509,"Down-regulado"
"MMP11",1.04199565972221,0.069910714285714,9.78436299439395,2.29376962261022e-21,6.96597320999854e-20,37.6999024045179,"Up-regulado"
"SLC46A1",-1.01058368055555,0.135641666666667,-9.77983225536268,2.38675240577476e-21,7.23658679913233e-20,37.6608004115167,"Down-regulado"
"C9orf116",-1.01928489583332,0.122465178571429,-9.77761719555273,2.43356151243786e-21,7.36655240969238e-20,37.6416887054117,"Down-regulado"
"TNFRSF21",1.00598975694443,-0.126961011904762,9.77514301701171,2.48692281483373e-21,7.5158992577103e-20,37.6203452627395,"Up-regulado"
"PDIA6",1.02404895833332,-0.0213145833333331,9.76727579301294,2.6644240201915e-21,8.03932914783792e-20,37.5525066171685,"Up-regulado"
"DNAI3",-1.01664131944444,0.116193452380952,-9.76488578490035,2.72079368391176e-21,8.19617155393871e-20,37.5319060791721,"Down-regulado"
"DNAJA4",-1.02697274305555,0.0969505952380952,-9.76177852289225,2.79585088119238e-21,8.4087128676377e-20,37.5051290479096,"Down-regulado"
"TNC",1.05170121527777,0.0974244047619053,9.75910742254818,2.86201031717777e-21,8.59385316622655e-20,37.4821159420492,"Up-regulado"
"SSBP2",-1.01023385416666,0.065870238095238,-9.74702184953374,3.18127940629138e-21,9.52191594091413e-20,37.3780525661572,"Down-regulado"
"PPIL6",-1.01036510416666,0.167480654761905,-9.74206107897521,3.32232804512329e-21,9.92817934380282e-20,37.3353665488369,"Down-regulado"
"METTL7A",-1.00935295138888,0.0729967261904763,-9.73862248823538,3.42371658866064e-21,1.02148170489481e-19,37.3057883388251,"Down-regulado"
"NUCKS1",1.05219270833332,-0.0610467261904762,9.73123728593398,3.65195491115147e-21,1.08550673882395e-19,37.2422893702432,"Up-regulado"
"GNG5",1.04605190972221,-0.0542821428571428,9.72315277099656,3.91911955119748e-21,1.16186342631294e-19,37.1728204529502,"Up-regulado"
"LRP11",-1.00456249999999,0.124619047619048,-9.72219279617488,3.95210287374719e-21,1.16978487120406e-19,37.164574521062,"Down-regulado"
"IGF2R",1.03424253472221,0.0454514880952385,9.71991396487585,4.03150593129969e-21,1.18951716080386e-19,37.1450024877392,"Up-regulado"
"CLSTN3",1.00383593749999,-0.114180952380952,9.71187639838021,4.3243965617682e-21,1.26991752490794e-19,37.0759992510219,"Up-regulado"
"KIFC1",1.01121701388888,-0.00314940476190477,9.70863086948051,4.4485550967987e-21,1.30432752814614e-19,37.0481486505638,"Up-regulado"
"ZNF611",-1.00864513888888,0.133392261904762,-9.70448089266176,4.61247237089043e-21,1.35026875346584e-19,37.0125473128217,"Down-regulado"
"CATIP",-1.02341909722221,0.101890773809524,-9.70054903164346,4.77329130085172e-21,1.39298065040637e-19,36.9788280271628,"Down-regulado"
"PLSCR3",1.01541753472221,-0.083097619047619,9.69840417547806,4.8633488124053e-21,1.4170478279141e-19,36.9604384083131,"Up-regulado"
"FHL2",1.00286458333332,-0.15087380952381,9.6947183320857,5.02205867177335e-21,1.45874012150406e-19,36.9288440158832,"Up-regulado"
"ROMO1",1.02726805555555,-0.0899505952380952,9.6939297330968,5.05667605963803e-21,1.46651457710962e-19,36.9220854977442,"Up-regulado"
"NOSTRIN",-1.00617118055555,0.152336904761905,-9.69307751955569,5.0943518483272e-21,1.47515053443732e-19,36.914782265046,"Down-regulado"
"GSTA1",-1.0007876736111,0.0811550595238093,-9.68473444924327,5.47820453009598e-21,1.58384560384834e-19,36.8433108329823,"Down-regulado"
"VWA7",-1.01054270833332,0.0532946428571429,-9.68364372422965,5.53046048854403e-21,1.59648238863272e-19,36.8339706051842,"Down-regulado"
"MRPL33",1.00587447916666,-0.153904166666667,9.67062588305203,6.19359560269063e-21,1.78240038630898e-19,36.7225578112783,"Up-regulado"
"ODF3B",-1.00614131944444,0.102220535714286,-9.66405578785912,6.55761121439119e-21,1.87847399771755e-19,36.6663721272921,"Down-regulado"
"IFI44L",1.02162708333332,-0.0472494047619049,9.66154757618463,6.70210238391876e-21,1.91692444447857e-19,36.6449304146853,"Up-regulado"
"CIP2A",1.00651597222222,0.00459107142857131,9.66057429427213,6.75901623174136e-21,1.930246883184e-19,36.636611378042,"Up-regulado"
"H3C1",1.02206562499999,-0.0189833333333334,9.65904515990589,6.84940301774408e-21,1.95307328492223e-19,36.6235425618852,"Up-regulado"
"SPARC",1.02068628472221,0.106525,9.65434970692568,7.13450319486698e-21,2.02817528417855e-19,36.583422726289,"Up-regulado"
"ALDOA",1.03958072916666,0.0121955357142855,9.64939391071001,7.44817128768482e-21,2.11091798391638e-19,36.5410948910605,"Up-regulado"
"DTHD1",-1.00755850694443,0.129138690476191,-9.6487065532886,7.49274190892079e-21,2.12033243383202e-19,36.5352254552856,"Down-regulado"
"GDI2",1.03471545138888,-0.0321249999999999,9.64454080323623,7.76857417925144e-21,2.19174712909183e-19,36.4996605338836,"Up-regulado"
"NCBP2",1.00634045138888,-0.149491964285714,9.6298804404908,8.82174761734232e-21,2.47022159294007e-19,36.3745934611479,"Up-regulado"
"HMCN1",1.02331440972221,-0.0127642857142859,9.62912977001814,8.87932713095421e-21,2.48262264707832e-19,36.368193507383,"Up-regulado"
"WDR77",-1.01530243055555,0.0250380952380953,-9.62528456876867,9.18016050545829e-21,2.56289772437137e-19,36.335416767197,"Down-regulado"
"ISM1",1.02380312499999,0.0171467261904763,9.62133309296144,9.49983016918078e-21,2.64818400104163e-19,36.3017447727394,"Up-regulado"
"BEST4",-1.01434600694444,0.144854761904762,-9.5951064596759,1.19196467048823e-20,3.30792335077395e-19,36.0785313736914,"Down-regulado"
"CXXC5",1.02995138888888,-0.136619345238095,9.59446421718189,1.19859941791654e-20,3.31648019680403e-19,36.0730712515447,"Up-regulado"
"IGSF9B",-1.00511284722221,0.0869383928571427,-9.59024625165184,1.2430920373328e-20,3.43450147651844e-19,36.0372186715504,"Down-regulado"
"CT47B1",1.00573472222221,-0.117654166666667,9.57427188235511,1.42693418383691e-20,3.91924261051795e-19,35.9015487053687,"Up-regulado"
"ECE1",1.00624722222221,0.016082142857143,9.57350131739557,1.43645319459201e-20,3.93959417259839e-19,35.8950087844003,"Up-regulado"
"TSGA10",-1.00577465277777,0.119667261904762,-9.55974141893408,1.61742472016061e-20,4.42293433359293e-19,35.7782954155529,"Down-regulado"
"SEPTIN5",-1.00594895833332,0.117944642857143,-9.54189135418849,1.88621218240211e-20,5.14288831105462e-19,35.627084474833,"Down-regulado"
"C1orf189",-1.00368958333332,0.140068154761905,-9.53903109037303,1.93321532639893e-20,5.2557005314633e-19,35.6028752649193,"Down-regulado"
"TET3",1.00043177083332,-0.213858630952381,9.53774118746521,1.95479037313463e-20,5.30663078474354e-19,35.5919594152906,"Up-regulado"
"INSR",-1.0020595486111,0.0847964285714285,-9.52945085596283,2.09926210724519e-20,5.67408370144984e-19,35.5218297940073,"Down-regulado"
"PKM",1.02689114583332,0.024407142857143,9.52497241486109,2.1816556740313e-20,5.87129438384476e-19,35.4839656219204,"Up-regulado"
"GDA",-1.01175659722221,0.153499404761905,-9.50280991141994,2.63899073489815e-20,7.04120427938467e-19,35.2967923135816,"Down-regulado"
"FCGR3A",1.02569097222221,0.0451818452380948,9.50111858669505,2.67756085854888e-20,7.13392355993117e-19,35.2825222894761,"Up-regulado"
"HMX1",1.00962569444444,-0.0373678571428573,9.47366574815024,3.38767813273753e-20,8.89896828201672e-19,35.0511765264745,"Up-regulado"
"CFAP94",-1.00253072916666,0.0367622023809521,-9.45475665318484,3.98234161525552e-20,1.03735278030861e-18,34.8921351572275,"Down-regulado"
"ATP6V0B",1.02645156249999,-0.00110208333333345,9.43352073544714,4.77407586337061e-20,1.23156650414603e-18,34.7138213720567,"Up-regulado"
"RAB2A",1.00244166666666,-0.10374880952381,9.43274900732705,4.80561102630338e-20,1.23799168466577e-18,34.7073472693628,"Up-regulado"
"BRPF3",1.00854895833332,-0.0478241071428571,9.41951525546323,5.37963125924756e-20,1.37826300451257e-18,34.5963929654605,"Up-regulado"
"SH3RF2",-1.00903090277777,0.125244642857143,-9.39408904983241,6.67968527584293e-20,1.69276094839781e-18,34.3835595158717,"Down-regulado"
"BTBD6",1.00200381944444,-0.147120833333333,9.38674106775633,7.11026684868341e-20,1.79215187493738e-18,34.3221367996039,"Up-regulado"
"LOXL1",1.0077517361111,0.0723800595238093,9.25620266364703,2.14349713220115e-19,5.04207757407064e-18,33.237294203972,"Up-regulado"
"TAGLN2",1.00257083333332,0.0384148809523811,9.24866818672013,2.28362790384849e-19,5.34477673686443e-18,33.175046737633,"Up-regulado"
